62 59 62 59 62 59 62 59 62 59 62 59 62 59 62 59 62 59 62 59 62 59 62 59 62 59 62 59 62 59 62 59 62 59 62 59 62 59 62 59 62 59 62 59 62 59 62 59 62 59 62 59 62 59 62 59 62 59 62 59 62 59 62 59 62 59 62 59 62 59 62 59 62 59 62 59 62 59 62 59 62 59 62 59 62 59 62 59 62 59 62 59 62 59 62 59 62 59 62 59 62 59 62 59 62 59 62 59 62 59 62 59 62 59 62 59 62 59 62 59 62 59 62 59 62 59 62 59 62 59 62 59 62 59 62 59 62 59 62 59 62 59 62 59 62 59 62 59 62 59 62 59 62 59 62 59 62 59 62 59 62 59 62 59 62 59 62 59 62 59 62 59 62 59 62 59 62 59 62 59 62 59 62 59 62 59 62 59 62 59 62 59 62 59 62 59 62 59 62 59 62 59 62 59 62 59 62 15 15 59 15 15 62 59 62 59 62 59 62 59 62 59 62 59 62 59 62 59 62 59 62 59 62 59 62 59 62 59 62 59 62 59 62 59 62 59 62 59 62 59 
61 58 61 58 61 58 61 58 61 58 61 58 61 58 61 58 61 58 61 58 61 58 61 58 61 58 61 58 61 58 61 58 61 58 61 58 61 58 61 58 61 58 61 58 61 58 61 58 61 58 61 58 61 58 61 58 61 58 61 58 61 58 61 58 61 58 61 58 61 58 61 58 61 58 61 58 61 58 61 58 61 58 61 58 61 58 61 58 61 58 61 58 61 58 61 58 61 58 61 58 61 58 61 58 61 58 61 58 61 58 61 58 61 58 61 58 61 58 61 58 61 58 61 58 61 58 61 58 61 58 61 58 61 58 61 58 61 58 61 58 61 58 61 58 61 58 61 58 61 58 61 58 61 58 61 58 61 58 61 58 61 58 61 58 61 58 61 58 61 58 61 58 61 58 61 58 61 58 61 58 61 58 61 58 61 58 61 58 61 58 61 58 61 58 61 58 61 58 61 58 61 58 61 58 61 58 61 15 15 15 15 15 61 58 61 58 61 58 61 58 61 58 61 58 61 58 61 58 61 58 61 58 61 58 61 58 61 58 61 58 61 58 61 58 61 58 61 58 61 58 
60 57 60 57 60 57 60 57 60 57 60 57 60 57 60 57 60 57 60 57 60 57 60 57 60 57 60 57 60 57 60 57 60 57 60 57 60 57 60 57 60 57 60 57 60 57 60 57 60 57 60 57 60 57 60 57 60 57 60 57 60 57 60 57 60 57 60 57 60 57 60 57 60 57 60 57 60 57 60 57 60 57 60 57 60 57 60 57 60 57 60 57 60 57 60 57 60 57 60 57 60 57 60 57 60 57 60 57 60 57 60 57 60 57 60 57 60 57 60 57 60 57 60 57 60 57 60 57 60 57 60 57 60 57 60 57 60 57 60 57 60 57 60 57 60 57 60 57 60 57 60 57 60 57 60 57 60 57 60 57 60 57 60 57 60 57 60 57 60 57 60 57 60 57 60 57 60 57 60 57 60 57 60 57 60 57 60 57 60 57 60 57 60 57 60 57 60 57 60 57 60 57 60 57 60 57 60 15 15 15 15 57 15 57 60 57 60 57 60 57 60 57 60 57 60 57 60 57 60 57 60 57 60 57 60 57 60 57 60 57 60 57 60 57 60 57 60 57 60 57 
62 59 62 59 62 59 62 59 62 59 62 59 62 59 62 59 62 59 62 59 62 59 62 59 62 59 62 59 62 59 62 59 62 59 62 59 62 59 62 59 62 59 62 59 62 59 62 59 62 59 62 59 62 59 62 59 62 59 62 59 62 59 62 59 62 59 62 59 62 59 62 59 62 59 62 59 62 59 62 59 62 59 62 59 62 59 62 59 62 59 62 59 62 59 62 59 62 59 62 59 62 59 62 59 62 59 62 59 62 59 62 59 62 59 62 59 62 59 62 59 62 59 62 59 62 59 62 59 62 59 62 59 62 59 62 59 62 59 62 59 62 59 62 59 62 59 62 59 62 59 62 59 62 59 62 59 62 59 62 59 62 59 62 59 62 59 62 59 62 59 62 59 62 59 62 59 62 59 62 59 62 59 62 59 62 59 62 59 62 59 62 59 62 59 62 59 62 59 62 59 62 59 62 59 62 59 62 15 15 15 15 59 15 59 62 59 62 59 62 59 62 59 62 59 62 59 62 59 62 59 62 59 62 59 62 59 62 59 62 59 62 59 62 59 62 59 62 59 62 59 
61 58 61 58 61 58 61 58 61 58 61 58 61 58 61 58 61 58 61 58 61 58 61 58 61 58 61 58 61 58 61 58 61 58 61 58 61 58 61 58 61 58 61 58 61 58 61 58 61 58 61 58 61 58 61 58 61 58 61 58 61 58 61 58 61 58 61 58 61 58 61 58 61 58 61 58 61 58 61 58 61 58 61 58 61 58 61 58 61 58 61 58 61 58 61 58 61 58 61 58 61 58 61 58 61 58 61 58 61 58 61 58 61 58 61 58 61 58 61 58 61 58 61 58 61 58 61 58 61 58 61 58 61 58 61 58 61 58 61 58 61 58 61 58 61 58 61 58 61 58 61 58 61 58 61 58 61 58 61 58 61 58 61 58 61 58 61 58 61 58 61 58 61 58 61 58 61 58 61 58 61 58 61 58 61 58 61 58 61 58 61 58 61 58 61 58 61 58 61 58 61 58 61 58 61 58 61 15 15 15 15 15 15 58 61 58 61 58 61 58 61 58 61 58 61 58 61 58 61 58 61 58 61 58 61 58 61 58 61 58 61 58 61 58 61 58 61 58 61 58 
60 57 60 57 60 57 60 57 60 57 60 57 60 57 60 57 60 57 60 57 60 57 60 57 60 57 60 57 60 57 60 57 60 57 60 57 60 57 60 57 60 57 60 57 60 57 60 57 60 57 60 57 60 57 60 57 60 57 60 57 60 57 60 57 60 57 60 57 60 57 60 57 60 57 60 57 60 57 60 57 60 57 60 57 60 57 60 57 60 57 60 57 60 57 60 57 60 57 60 57 60 57 60 57 60 57 60 57 60 57 60 57 60 57 60 57 60 57 60 57 60 57 60 57 60 57 60 57 60 57 60 57 60 57 60 57 60 57 60 57 60 57 60 57 60 57 60 57 60 57 60 57 60 57 60 57 60 57 60 57 60 57 60 57 60 57 60 57 60 57 60 57 60 57 60 57 60 57 60 57 60 57 60 57 60 57 60 57 60 57 60 57 60 57 60 57 60 57 60 57 60 57 60 57 60 15 60 15 15 15 15 15 15 57 60 57 60 57 60 57 60 57 60 57 60 57 60 57 60 57 60 57 60 57 60 57 60 57 60 57 60 57 60 57 60 57 60 57 60 57 
62 59 62 59 62 59 62 59 62 59 62 59 62 59 62 59 62 59 62 59 62 59 62 59 62 59 62 59 62 59 62 59 62 59 62 59 62 59 62 59 62 59 62 59 62 59 62 59 62 59 62 59 62 59 62 59 62 59 62 59 62 59 62 59 62 59 62 59 62 59 62 59 62 59 62 59 62 59 62 59 62 59 62 59 62 59 62 59 62 59 62 59 62 59 62 59 62 59 62 59 62 59 62 59 62 59 62 59 62 59 62 59 62 59 62 59 62 59 62 59 62 59 62 59 62 59 62 59 62 59 62 59 62 59 62 59 62 59 62 59 62 59 62 59 62 59 62 59 62 59 62 59 62 59 62 59 62 59 62 59 62 59 62 59 62 59 62 59 62 59 62 59 62 59 62 59 62 59 62 59 62 59 62 59 62 59 62 59 62 59 62 59 62 59 62 59 62 59 62 59 62 59 62 59 62 15 62 15 15 15 15 15 62 59 62 59 62 59 62 59 62 59 62 59 62 59 62 59 62 59 62 59 62 59 62 59 62 59 62 59 62 59 62 59 62 59 62 59 62 59 
61 58 61 58 61 58 61 58 61 58 61 58 61 58 61 58 61 58 61 58 61 58 61 58 61 58 61 58 61 58 61 58 61 58 61 58 61 58 61 58 61 58 61 58 61 58 61 58 61 58 61 58 61 58 61 58 61 58 61 58 61 58 61 58 61 58 61 58 61 58 61 58 61 58 61 58 61 58 61 58 61 58 61 58 61 58 61 58 61 58 61 58 61 58 61 58 61 58 61 58 61 58 61 58 61 58 61 58 61 58 61 58 61 58 61 58 61 58 61 58 61 58 61 58 61 58 61 58 61 58 61 58 61 58 61 58 61 58 61 58 61 58 61 58 61 58 61 58 61 58 61 58 61 58 61 58 61 58 61 58 61 58 61 58 61 58 61 58 61 58 61 58 61 58 61 58 61 58 61 58 61 58 61 58 61 58 61 58 61 58 61 58 61 58 61 58 61 58 61 58 61 58 61 58 61 58 15 58 15 15 15 15 15 15 61 58 61 58 61 58 61 58 61 58 61 58 61 58 61 58 61 58 61 58 61 58 61 58 61 58 61 58 61 58 61 58 61 58 61 58 
60 57 60 57 60 57 60 57 60 57 60 57 60 57 60 57 60 57 60 57 60 57 60 57 60 57 60 57 60 57 60 57 60 57 60 57 60 57 60 57 60 57 60 57 60 57 60 57 60 57 60 57 60 57 60 57 60 57 60 57 60 57 60 57 60 57 60 57 60 57 60 57 60 57 60 57 60 57 60 57 60 57 60 57 60 57 60 57 60 57 60 57 60 57 60 57 60 57 60 57 60 57 60 57 60 57 60 57 60 57 60 57 60 57 60 57 60 57 60 57 60 57 60 57 60 57 60 57 60 57 60 57 60 57 60 57 60 57 60 57 60 57 60 57 60 57 60 57 60 57 60 57 60 57 60 57 60 57 60 57 60 57 60 57 60 57 60 57 60 57 60 57 60 57 60 57 60 57 60 57 60 57 60 57 60 57 60 57 60 57 60 57 60 57 60 57 60 57 60 57 60 57 60 57 60 57 15 15 15 15 15 15 15 15 60 57 60 57 60 57 60 57 60 57 60 57 60 57 60 57 60 57 60 57 60 57 60 57 60 57 60 57 60 57 60 57 60 57 60 57 
62 59 62 59 62 59 62 59 62 59 62 59 62 59 62 59 62 59 62 59 62 59 62 59 62 59 62 59 62 59 62 59 62 59 62 59 62 59 62 59 62 59 62 59 62 59 62 59 62 59 62 59 62 59 62 59 62 59 62 59 62 59 62 59 62 59 62 59 62 59 62 59 62 59 62 59 62 59 62 59 62 59 62 59 62 59 62 59 62 59 62 59 62 59 62 59 62 59 62 59 62 59 62 59 62 59 62 59 62 59 62 59 62 59 62 59 62 59 62 59 62 59 62 59 62 59 62 59 62 59 62 59 62 59 62 59 62 59 62 59 62 59 62 59 62 59 62 59 62 59 62 59 62 59 62 59 62 59 62 59 62 59 62 59 62 59 62 59 62 59 62 59 62 59 62 59 62 59 62 59 62 59 62 59 62 59 62 59 62 59 62 59 62 59 62 59 62 59 62 59 62 59 62 59 62 15 62 15 15 15 15 15 62 59 62 59 62 59 62 59 62 59 62 59 62 59 62 59 62 59 62 59 62 59 62 59 62 59 62 59 62 59 62 59 62 59 62 59 62 59 
61 58 61 58 61 58 61 58 61 58 61 58 61 58 61 58 61 58 61 58 61 58 61 58 61 58 61 58 61 58 61 58 61 58 61 58 61 58 61 58 61 58 61 58 61 58 61 58 61 58 61 58 61 58 61 58 61 58 61 58 61 58 61 58 61 58 61 58 61 58 61 58 61 58 61 58 61 58 61 58 61 58 61 58 61 58 61 58 61 58 61 58 61 58 61 58 61 58 61 58 61 58 61 58 61 58 61 58 61 58 61 58 61 58 61 58 61 58 61 58 61 58 61 58 61 58 61 58 61 58 61 58 61 58 61 58 61 58 61 58 61 58 61 58 61 58 61 58 61 58 61 58 61 58 61 58 61 58 61 58 61 58 61 58 61 58 61 58 61 58 61 58 61 58 61 58 61 58 61 58 61 58 61 58 61 58 61 58 61 58 61 58 61 58 61 58 61 58 61 58 61 58 61 58 61 15 61 58 61 15 15 58 15 58 61 58 61 58 61 58 61 58 61 58 61 58 61 58 61 58 61 58 61 58 61 58 61 58 61 58 61 58 61 58 61 58 61 58 61 58 
60 57 60 57 60 57 60 57 60 57 60 57 60 57 60 57 60 57 60 57 60 57 60 57 60 57 60 57 60 57 60 57 60 57 60 57 60 57 60 57 60 57 60 57 60 57 60 57 60 57 60 57 60 57 60 57 60 57 60 57 60 57 60 57 60 57 60 57 60 57 60 57 60 57 60 57 60 57 60 57 60 57 60 57 60 57 60 57 60 57 60 57 60 57 60 57 60 57 60 57 60 57 60 57 60 57 60 57 60 57 60 57 60 57 60 57 60 57 60 57 60 57 60 57 60 57 60 57 60 57 60 57 60 57 60 57 60 57 60 57 60 57 60 57 60 57 60 57 60 57 60 57 60 57 60 57 60 57 60 57 60 57 60 57 60 57 60 57 60 57 60 57 60 57 60 57 60 57 60 57 60 57 60 57 60 57 60 57 60 57 60 57 60 57 60 57 60 57 60 57 60 57 60 57 60 57 15 57 15 15 15 15 15 57 60 57 60 57 60 57 60 57 60 57 60 57 60 57 60 57 60 57 60 57 60 57 60 57 60 57 60 57 60 57 60 57 60 57 60 57 
62 59 62 59 62 59 62 59 62 59 62 59 62 59 62 59 62 59 62 59 62 59 62 59 62 59 62 59 62 59 62 59 62 59 62 59 62 59 62 59 62 59 62 59 62 59 62 59 62 59 62 59 62 59 62 59 62 59 62 59 62 59 62 59 62 59 62 59 62 59 62 59 62 59 62 59 62 59 62 59 62 59 62 59 62 59 62 59 62 59 62 59 62 59 62 59 62 59 62 59 62 59 62 59 62 59 62 59 62 59 62 59 62 59 62 59 62 59 62 59 62 59 62 59 62 59 62 59 62 59 62 59 62 59 62 59 62 59 62 59 62 59 62 59 62 59 62 59 62 59 62 59 62 59 62 59 62 59 62 59 62 59 62 59 62 59 62 59 62 59 62 59 62 59 62 59 62 59 62 59 62 59 62 59 62 59 62 59 62 59 62 59 62 59 62 59 62 59 62 59 62 59 62 59 62 59 62 15 15 15 15 15 62 59 62 59 62 59 62 59 62 59 62 59 62 59 62 59 62 59 62 59 62 59 62 59 62 59 62 59 62 59 62 59 62 59 62 59 62 59 
61 58 61 58 61 58 61 58 61 58 61 58 61 58 61 58 61 58 61 58 61 58 61 58 61 58 61 58 61 58 61 58 61 58 61 58 61 58 61 58 61 58 61 58 61 58 61 58 61 58 61 58 61 58 61 58 61 58 61 58 61 58 61 58 61 58 61 58 61 58 61 58 61 58 61 58 61 58 61 58 61 58 61 58 61 58 61 58 61 58 61 58 61 58 61 58 61 58 61 58 61 58 61 58 61 58 61 58 61 58 61 58 61 58 61 58 61 58 61 58 61 58 61 58 61 58 61 58 61 58 61 58 61 58 61 58 61 58 61 58 61 58 61 58 61 58 61 58 61 58 61 58 61 58 61 58 61 58 61 58 61 58 61 58 61 58 61 58 61 58 61 58 61 58 61 58 61 58 61 58 61 58 61 58 61 58 61 58 61 58 61 58 61 58 61 58 61 58 61 58 61 58 61 58 61 58 61 15 15 15 15 15 15 58 61 58 61 58 61 58 61 58 61 58 61 58 61 58 61 58 61 58 61 58 61 58 61 58 61 58 61 58 61 58 61 58 61 58 61 58 
60 57 60 57 60 57 60 57 60 57 60 57 60 57 60 57 60 57 60 57 60 57 60 57 60 57 60 57 60 57 60 57 60 57 60 57 60 57 60 57 60 57 60 57 60 57 60 57 60 57 60 57 60 57 60 57 60 57 60 57 60 57 60 57 60 57 60 57 60 57 60 57 60 57 60 57 60 57 60 57 60 57 60 57 60 57 60 57 60 57 60 57 60 57 60 57 60 57 60 57 60 57 60 57 60 57 60 57 60 57 60 57 60 57 60 57 60 57 60 57 60 57 60 57 60 57 60 57 60 57 60 57 60 57 60 57 60 57 60 57 60 57 60 57 60 57 60 57 60 57 60 57 60 57 60 57 60 57 60 57 60 57 60 57 60 57 60 57 60 57 60 57 60 57 60 57 60 57 60 57 60 57 60 57 60 57 60 57 60 57 60 57 60 57 60 57 60 57 60 57 60 57 60 57 60 57 15 15 15 15 15 15 15 57 60 57 60 57 60 57 60 57 60 57 60 57 60 57 60 57 60 57 60 57 60 57 60 57 60 57 60 57 60 57 60 57 60 57 60 57 
62 59 62 59 62 59 62 59 62 59 62 59 62 59 62 59 62 59 62 59 62 59 62 59 62 59 62 59 62 59 62 59 62 59 62 59 62 59 62 59 62 59 62 59 62 59 62 59 62 59 62 59 62 59 62 59 62 59 62 59 62 59 62 59 62 59 62 59 62 59 62 59 62 59 62 59 62 59 62 59 62 59 62 59 62 59 62 59 62 59 62 59 62 59 62 59 62 59 62 59 62 59 62 59 62 59 62 59 62 59 62 59 62 59 62 59 62 59 62 59 62 59 62 59 62 59 62 59 62 59 62 59 62 59 62 59 62 59 62 59 62 59 62 59 62 59 62 59 62 59 62 59 62 59 62 59 62 59 62 59 62 59 62 59 62 59 62 59 62 59 62 59 62 59 62 59 62 59 62 59 62 59 62 59 62 59 62 59 62 59 62 59 62 59 62 59 62 59 62 59 62 59 62 59 62 15 15 15 15 15 15 15 15 59 62 59 62 59 62 59 62 59 62 59 62 59 62 59 62 59 62 59 62 59 62 59 62 59 62 59 62 59 62 59 62 59 62 59 62 59 
61 58 61 58 61 58 61 58 61 58 61 58 61 58 61 58 61 58 61 58 61 58 61 58 61 58 61 58 61 58 61 58 61 58 61 58 61 58 61 58 61 58 61 58 61 58 61 58 61 58 61 58 61 58 61 58 61 58 61 58 61 58 61 58 61 58 61 58 61 58 61 58 61 58 61 58 61 58 61 58 61 58 61 58 61 58 61 58 61 58 61 58 61 58 61 58 61 58 61 58 61 58 61 58 61 58 61 58 61 58 61 58 61 58 61 58 61 58 61 58 61 58 61 58 61 58 61 58 61 58 61 58 61 58 61 58 61 58 61 58 61 58 61 58 61 58 61 58 61 58 61 58 61 58 61 58 61 58 61 58 61 58 61 58 61 58 61 58 61 58 61 58 61 58 61 58 61 58 61 58 61 58 61 58 61 58 61 58 61 58 61 58 61 58 61 58 61 58 61 58 61 58 61 58 61 58 61 15 15 15 15 15 61 58 61 58 61 58 61 58 61 58 61 58 61 58 61 58 61 58 61 58 61 58 61 58 61 58 61 58 61 58 61 58 61 58 61 58 61 58 
60 57 60 57 60 57 60 57 60 57 60 57 60 57 60 57 60 57 60 57 60 57 60 57 60 57 60 57 60 57 60 57 60 57 60 57 60 57 60 57 60 57 60 57 60 57 60 57 60 57 60 57 60 57 60 57 60 57 60 57 60 57 60 57 60 57 60 57 60 57 60 57 60 57 60 57 60 57 60 57 60 57 60 57 60 57 60 57 60 57 60 57 60 57 60 57 60 57 60 57 60 57 60 57 60 57 60 57 60 57 60 57 60 57 60 57 60 57 60 57 60 57 60 57 60 57 60 57 60 57 60 57 60 57 60 57 60 57 60 57 60 57 60 57 60 57 60 57 60 57 60 57 60 57 60 57 60 57 60 57 60 57 60 57 60 57 60 57 60 57 60 57 60 57 60 57 60 57 60 57 60 57 60 57 60 57 60 57 60 57 60 57 60 57 60 57 60 57 60 57 60 57 60 57 60 15 60 15 15 15 15 15 60 57 60 57 60 57 60 57 60 57 60 57 60 57 60 57 60 57 60 57 60 57 60 57 60 57 60 57 60 57 60 57 60 57 60 57 60 57 
62 59 62 59 62 59 62 59 62 59 62 59 62 59 62 59 62 59 62 59 62 59 62 59 62 59 62 59 62 59 62 59 62 59 62 59 62 59 62 59 62 59 62 59 62 59 62 59 62 59 62 59 62 59 62 59 62 59 62 59 62 59 62 59 62 59 62 59 62 59 62 59 62 59 62 59 62 59 62 59 62 59 62 59 62 59 62 59 62 59 62 59 62 59 62 59 62 59 62 59 62 59 62 59 62 59 62 59 62 59 62 59 62 59 62 59 62 59 62 59 62 59 62 59 62 59 62 59 62 59 62 59 62 59 62 59 62 59 62 59 62 59 62 59 62 59 62 59 62 59 62 59 62 59 62 59 62 59 62 59 62 59 62 59 62 59 62 59 62 59 62 59 62 59 62 59 62 59 62 59 62 59 62 59 62 59 62 59 62 59 62 59 62 59 62 59 62 59 62 59 62 59 62 59 62 59 62 15 15 15 15 15 15 15 62 59 62 59 62 59 62 59 62 59 62 59 62 59 62 59 62 59 62 59 62 59 62 59 62 59 62 59 62 59 62 59 62 59 62 59 
61 58 61 58 61 58 61 58 61 58 61 58 61 58 61 58 61 58 61 58 61 58 61 58 61 58 61 58 61 58 61 58 61 58 61 58 61 58 61 58 61 58 61 58 61 58 61 58 61 58 61 58 61 58 61 58 61 58 61 58 61 58 61 58 61 58 61 58 61 58 61 58 61 58 61 58 61 58 61 58 61 58 61 58 61 58 61 58 61 58 61 58 61 58 61 58 61 58 61 58 61 58 61 58 61 58 61 58 61 58 61 58 61 58 61 58 61 58 61 58 61 58 61 58 61 58 61 58 61 58 61 58 61 58 61 58 61 58 61 58 61 58 61 58 61 58 61 58 61 58 61 58 61 58 61 58 61 58 61 58 61 58 61 58 61 58 61 58 61 58 61 58 61 58 61 58 61 58 61 58 61 58 61 58 61 58 61 58 61 58 61 58 61 58 61 58 61 58 61 58 61 58 61 58 61 15 61 15 15 15 15 15 15 15 61 58 61 58 61 58 61 58 61 58 61 58 61 58 61 58 61 58 61 58 61 58 61 58 61 58 61 58 61 58 61 58 61 58 61 58 
60 57 60 57 60 57 60 57 60 57 60 57 60 57 60 57 60 57 60 57 60 57 60 57 60 57 60 57 60 57 60 57 60 57 60 57 60 57 60 57 60 57 60 57 60 57 60 57 60 57 60 57 60 57 60 57 60 57 60 57 60 57 60 57 60 57 60 57 60 57 60 57 60 57 60 57 60 57 60 57 60 57 60 57 60 57 60 57 60 57 60 57 60 57 60 57 60 57 60 57 60 57 60 57 60 57 60 57 60 57 60 57 60 57 60 57 60 57 60 57 60 57 60 57 60 57 60 57 60 57 60 57 60 57 60 57 60 57 60 57 60 57 60 57 60 57 60 57 60 57 60 57 60 57 60 57 60 57 60 57 60 57 60 57 60 57 60 57 60 57 60 57 60 57 60 57 60 57 60 57 60 57 60 57 60 57 60 57 60 57 60 57 60 57 60 57 60 57 60 57 60 57 60 57 60 57 60 15 15 15 15 15 60 57 60 57 60 57 60 57 60 57 60 57 60 57 60 57 60 57 60 57 60 57 60 57 60 57 60 57 60 57 60 57 60 57 60 57 60 57 
62 59 62 59 62 59 62 59 62 59 62 59 62 59 62 59 62 59 62 59 62 59 62 59 62 59 62 59 62 59 62 59 62 59 62 59 62 59 62 59 62 59 62 59 62 59 62 59 62 59 62 59 62 59 62 59 62 59 62 59 62 59 62 59 62 59 62 59 62 59 62 59 62 59 62 59 62 59 62 59 62 59 62 59 62 59 62 59 62 59 62 59 62 59 62 59 62 59 62 59 62 59 62 59 62 59 62 59 62 59 62 59 62 59 62 59 62 59 62 59 62 59 62 59 62 59 62 59 62 59 62 59 62 59 62 59 62 59 62 59 62 59 62 59 62 59 62 59 62 59 62 59 62 59 62 59 62 59 62 59 62 59 62 59 62 59 62 59 62 59 62 59 62 59 62 59 62 59 62 59 62 59 62 59 62 59 62 59 62 59 62 59 62 59 62 59 62 59 62 59 62 59 62 59 62 15 62 15 15 15 15 15 15 59 62 59 62 59 62 59 62 59 62 59 62 59 62 59 62 59 62 59 62 59 62 59 62 59 62 59 62 59 62 59 62 59 62 59 62 59 
61 58 61 58 61 58 61 58 61 58 61 58 61 58 61 58 61 58 61 58 61 58 61 58 61 58 61 58 61 58 61 58 61 58 61 58 61 58 61 58 61 58 61 58 61 58 61 58 61 58 61 58 61 58 61 58 61 58 61 58 61 58 61 58 61 58 61 58 61 58 61 58 61 58 61 58 61 58 61 58 61 58 61 58 61 58 61 58 61 58 61 58 61 58 61 58 61 58 61 58 61 58 61 58 61 58 61 58 61 58 61 58 61 58 61 58 61 58 61 58 61 58 61 58 61 58 61 58 61 58 61 58 61 58 61 58 61 58 61 58 61 58 61 58 61 58 61 58 61 58 61 58 61 58 61 58 61 58 61 58 61 58 61 58 61 58 61 58 61 58 61 58 61 58 61 58 61 58 61 58 61 58 61 58 61 58 61 58 61 58 61 58 61 58 61 58 61 58 61 58 61 58 61 58 61 15 61 15 15 15 15 15 15 58 61 58 61 58 61 58 61 58 61 58 61 58 61 58 61 58 61 58 61 58 61 58 61 58 61 58 61 58 61 58 61 58 61 58 61 58 
60 57 60 57 60 57 60 57 60 57 60 57 60 57 60 57 60 57 60 57 60 57 60 57 60 57 60 57 60 57 60 57 60 57 60 57 60 57 60 57 60 57 60 57 60 57 60 57 60 57 60 57 60 57 60 57 60 57 60 57 60 57 60 57 60 57 60 57 60 57 60 57 60 57 60 57 60 57 60 57 60 57 60 57 60 57 60 57 60 57 60 57 60 57 60 57 60 57 60 57 60 57 60 57 60 57 60 57 60 57 60 57 60 57 60 57 60 57 60 57 60 57 60 57 60 57 60 57 60 57 60 57 60 57 60 57 60 57 60 57 60 57 60 57 60 57 60 57 60 57 60 57 60 57 60 57 60 57 60 57 60 57 60 57 60 57 60 57 60 57 60 57 60 57 60 57 60 57 60 57 60 57 60 57 60 57 60 57 60 57 60 57 60 57 60 57 60 57 60 57 60 57 60 57 60 15 60 15 15 15 15 15 15 57 60 57 60 57 60 57 60 57 60 57 60 57 60 57 60 57 60 57 60 57 60 57 60 57 60 57 60 57 60 57 60 57 60 57 60 57 
62 59 62 59 62 59 62 59 62 59 62 59 62 59 62 59 62 59 62 59 62 59 62 59 62 59 62 59 62 59 62 59 62 59 62 59 62 59 62 59 62 59 62 59 62 59 62 59 62 59 62 59 62 59 62 59 62 59 62 59 62 59 62 59 62 59 62 59 62 59 62 59 62 59 62 59 62 59 62 59 62 59 62 59 62 59 62 59 62 59 62 59 62 59 62 59 62 59 62 59 62 59 62 59 62 59 62 59 62 59 62 59 62 59 62 59 62 59 62 59 62 59 62 59 62 59 62 59 62 59 62 59 62 59 62 59 62 59 62 59 62 59 62 59 62 59 62 59 62 59 62 59 62 59 62 59 62 59 62 59 62 59 62 59 62 59 62 59 62 59 62 59 62 59 62 59 62 59 62 59 62 59 62 59 62 59 62 59 62 59 62 59 62 59 62 59 62 59 62 59 62 59 62 59 62 15 15 15 15 15 15 15 15 59 62 59 62 59 62 59 62 59 62 59 62 59 62 59 62 59 62 59 62 59 62 59 62 59 62 59 62 59 62 59 62 59 62 59 62 59 
61 58 61 58 61 58 61 58 61 58 61 58 61 58 61 58 61 58 61 58 61 58 61 58 61 58 61 58 61 58 61 58 61 58 61 58 61 58 61 58 61 58 61 58 61 58 61 58 61 58 61 58 61 58 61 58 61 58 61 58 61 58 61 58 61 58 61 58 61 58 61 58 61 58 61 58 61 58 61 58 61 58 61 58 61 58 61 58 61 58 61 58 61 58 61 58 61 58 61 58 61 58 61 58 61 58 61 58 61 58 61 58 61 58 61 58 61 58 61 58 61 58 61 58 61 58 61 58 61 58 61 58 61 58 61 58 61 58 61 58 61 58 61 58 61 58 61 58 61 58 61 58 61 58 61 58 61 58 61 58 61 58 61 58 61 58 61 58 61 58 61 58 61 58 61 58 61 58 61 58 61 58 61 58 61 58 61 58 61 58 61 58 61 58 61 58 61 58 61 58 61 58 61 58 61 58 61 15 15 15 15 15 15 58 61 58 61 58 61 58 61 58 61 58 61 58 61 58 61 58 61 58 61 58 61 58 61 58 61 58 61 58 61 58 61 58 61 58 61 58 
60 57 60 57 60 57 60 57 60 57 60 57 60 57 60 57 60 57 60 57 60 57 60 57 60 57 60 57 60 57 60 57 60 57 60 57 60 57 60 57 60 57 60 57 60 57 60 57 60 57 60 57 60 57 60 57 60 57 60 57 60 57 60 57 60 57 60 57 60 57 60 57 60 57 60 57 60 57 60 57 60 57 60 57 60 57 60 57 60 57 60 57 60 57 60 57 60 57 60 57 60 57 60 57 60 57 60 57 60 57 60 57 60 57 60 57 60 57 60 57 60 57 60 57 60 57 60 57 60 57 60 57 60 57 60 57 60 57 60 57 60 57 60 57 60 57 60 57 60 57 60 57 60 57 60 57 60 57 60 57 60 57 60 57 60 57 60 57 60 57 60 57 60 57 60 57 60 57 60 57 60 57 60 57 60 57 60 57 60 57 60 57 60 57 60 57 60 57 60 57 60 57 60 57 60 57 60 15 15 15 15 15 15 15 60 57 60 57 60 57 60 57 60 57 60 57 60 57 60 57 60 57 60 57 60 57 60 57 60 57 60 57 60 57 60 57 60 57 60 57 
62 59 62 59 62 59 62 59 62 59 62 59 62 59 62 59 62 59 62 59 62 59 62 59 62 59 62 59 62 59 62 59 62 59 62 59 62 59 62 59 62 59 62 59 62 59 62 59 62 59 62 59 62 59 62 59 62 59 62 59 62 59 62 59 62 59 62 59 62 59 62 59 62 59 62 59 62 59 62 59 62 59 62 59 62 59 62 59 62 59 62 59 62 59 62 59 62 59 62 59 62 59 62 59 62 59 62 59 62 59 62 59 62 59 62 59 62 59 62 59 62 59 62 59 62 59 62 59 62 59 62 59 62 59 62 59 62 59 62 59 62 59 62 59 62 59 62 59 62 59 62 59 62 59 62 59 62 59 62 59 62 59 62 59 62 59 62 59 62 59 62 59 62 59 62 59 62 59 62 59 62 59 62 59 62 59 62 59 62 59 62 59 62 59 62 59 62 59 62 59 62 59 62 59 62 59 62 15 15 15 15 15 15 15 62 59 62 59 62 59 62 59 62 59 62 59 62 59 62 59 62 59 62 59 62 59 62 59 62 59 62 59 62 59 62 59 62 59 62 59 
61 58 61 58 61 58 61 58 61 58 61 58 61 58 61 58 61 58 61 58 61 58 61 58 61 58 61 58 61 58 61 58 61 58 61 58 61 58 61 58 61 58 61 58 61 58 61 58 61 58 61 58 61 58 61 58 61 58 61 58 61 58 61 58 61 58 61 58 61 58 61 58 61 58 61 58 61 58 61 58 61 58 61 58 61 58 61 58 61 58 61 58 61 58 61 58 61 58 61 58 61 58 61 58 61 58 61 58 61 58 61 58 61 58 61 58 61 58 61 58 61 58 61 58 61 58 61 58 61 58 61 58 61 58 61 58 61 58 61 58 61 58 61 58 61 58 61 58 61 58 61 58 61 58 61 58 61 58 61 58 61 58 61 58 61 58 61 58 61 58 61 58 61 58 61 58 61 58 61 58 61 58 61 58 61 58 61 58 61 58 61 58 61 58 61 58 61 58 61 58 61 58 61 58 61 58 61 15 15 15 15 15 15 58 61 58 61 58 61 58 61 58 61 58 61 58 61 58 61 58 61 58 61 58 61 58 61 58 61 58 61 58 61 58 61 58 61 58 61 58 
60 57 60 57 60 57 60 57 60 57 60 57 60 57 60 57 60 57 60 57 60 57 60 57 60 57 60 57 60 57 60 57 60 57 60 57 60 57 60 57 60 57 60 57 60 57 60 57 60 57 60 57 60 57 60 57 60 57 60 57 60 57 60 57 60 57 60 57 60 57 60 57 60 57 60 57 60 57 60 57 60 57 60 57 60 57 60 57 60 57 60 57 60 57 60 57 60 57 60 57 60 57 60 57 60 57 60 57 60 57 60 57 60 57 60 57 60 57 60 57 60 57 60 57 60 57 60 57 60 57 60 57 60 57 60 57 60 57 60 57 60 57 60 57 60 57 60 57 60 57 60 57 60 57 60 57 60 57 60 57 60 57 60 57 60 57 60 57 60 57 60 57 60 57 60 57 60 57 60 57 60 57 60 57 60 57 60 57 60 57 60 57 60 57 60 57 60 57 60 57 60 57 60 57 60 57 15 15 15 15 15 15 15 57 60 57 60 57 60 57 60 57 60 57 60 57 60 57 60 57 60 57 60 57 60 57 60 57 60 57 60 57 60 57 60 57 60 57 60 57 
62 59 62 59 62 59 62 59 62 59 62 59 62 59 62 59 62 59 62 59 62 59 62 59 62 59 62 59 62 59 62 59 62 59 62 59 62 59 62 59 62 59 62 59 62 59 62 59 62 59 62 59 62 59 62 59 62 59 62 59 62 59 62 59 62 59 62 59 62 59 62 59 62 59 62 59 62 59 62 59 62 59 62 59 62 59 62 59 62 59 62 59 62 59 62 59 62 59 62 59 62 59 62 59 62 59 62 59 62 59 62 59 62 59 62 59 62 59 62 59 62 59 62 59 62 59 62 59 62 59 62 59 62 59 62 59 62 59 62 59 62 59 62 59 62 59 62 59 62 59 62 59 62 59 62 59 62 59 62 59 62 59 62 59 62 59 62 59 62 59 62 59 62 59 62 59 62 59 62 59 62 59 62 59 62 59 62 59 62 59 62 59 62 59 62 59 62 59 62 59 62 59 62 59 62 59 15 15 15 15 15 15 15 59 62 59 62 59 62 59 62 59 62 59 62 59 62 59 62 59 62 59 62 59 62 59 62 59 62 59 62 59 62 59 62 59 62 59 62 59 
61 58 61 58 61 58 61 58 61 58 61 58 61 58 61 58 61 58 61 58 61 58 61 58 61 58 61 58 61 58 61 58 61 58 61 58 61 58 61 58 61 58 61 58 61 58 61 58 61 58 61 58 61 58 61 58 61 58 61 58 61 58 61 58 61 58 61 58 61 58 61 58 61 58 61 58 61 58 61 58 61 58 61 58 61 58 61 58 61 58 61 58 61 58 61 58 61 58 61 58 61 58 61 58 61 58 61 58 61 58 61 58 61 58 61 58 61 58 61 58 61 58 61 58 61 58 61 58 61 58 61 58 61 58 61 58 61 58 61 58 61 58 61 58 61 58 61 58 61 58 61 58 61 58 61 58 61 58 61 58 61 58 61 58 61 58 61 58 61 58 61 58 61 58 61 58 61 58 61 58 61 58 61 58 61 58 61 58 61 58 61 58 61 58 61 58 61 58 61 58 61 58 61 58 61 58 61 15 15 15 15 15 15 58 61 58 61 58 61 58 61 58 61 58 61 58 61 58 61 58 61 58 61 58 61 58 61 58 61 58 61 58 61 58 61 58 61 58 61 58 
60 57 60 57 60 57 60 57 60 57 60 57 60 57 60 57 60 57 60 57 60 57 60 57 60 57 60 57 60 57 60 57 60 57 60 57 60 57 60 57 60 57 60 57 60 57 60 57 60 57 60 57 60 57 60 57 60 57 60 57 60 57 60 57 60 57 60 57 60 57 60 57 60 57 60 57 60 57 60 57 60 57 60 57 60 57 60 57 60 57 60 57 60 57 60 57 60 57 60 57 60 57 60 57 60 57 60 57 60 57 60 57 60 57 60 57 60 57 60 57 60 57 60 57 60 57 60 57 60 57 60 57 60 57 60 57 60 57 60 57 60 57 60 57 60 57 60 57 60 57 60 57 60 57 60 57 60 57 60 57 60 57 60 57 60 57 60 57 60 57 60 57 60 57 60 57 60 57 60 57 60 57 60 57 60 57 60 57 60 57 60 57 60 57 60 57 60 57 60 57 60 57 60 57 60 57 60 15 15 15 15 15 15 57 60 57 60 57 60 57 60 57 60 57 60 57 60 57 60 57 60 57 60 57 60 57 60 57 60 57 60 57 60 57 60 57 60 57 60 57 
62 59 62 59 62 59 62 59 62 59 62 59 62 59 62 59 62 59 62 59 62 59 62 59 62 59 62 59 62 59 62 59 62 59 62 59 62 59 62 59 62 59 62 59 62 59 62 59 62 59 62 59 62 59 62 59 62 59 62 59 62 59 62 59 62 59 62 59 62 59 62 59 62 59 62 59 62 59 62 59 62 59 62 59 62 59 62 59 62 59 62 59 62 59 62 59 62 59 62 59 62 59 62 59 62 59 62 59 62 59 62 59 62 59 62 59 62 59 62 59 62 59 62 59 62 59 62 59 62 59 62 59 62 59 62 59 62 59 62 59 62 59 62 59 62 59 62 59 62 59 62 59 62 59 62 59 62 59 62 59 62 59 62 59 62 59 62 59 62 59 62 59 62 59 62 59 62 59 62 59 62 59 62 59 62 59 62 59 62 59 62 59 62 59 62 59 62 59 62 59 62 59 62 59 62 59 15 15 15 15 15 15 15 59 62 59 62 59 62 59 62 59 62 59 62 59 62 59 62 59 62 59 62 59 62 59 62 59 62 59 62 59 62 59 62 59 62 59 62 59 
61 58 61 58 61 58 61 58 61 58 61 58 61 58 61 58 61 58 61 58 61 58 61 58 61 58 61 58 61 58 61 58 61 58 61 58 61 58 61 58 61 58 61 58 61 58 61 58 61 58 61 58 61 58 61 58 61 58 61 58 61 58 61 58 61 58 61 58 61 58 61 58 61 58 61 58 61 58 61 58 61 58 61 58 61 58 61 58 61 58 61 58 61 58 61 58 61 58 61 58 61 58 61 58 61 58 61 58 61 58 61 58 61 58 61 58 61 58 61 58 61 58 61 58 61 58 61 58 61 58 61 58 61 58 61 58 61 58 61 58 61 58 61 58 61 58 61 58 61 58 61 58 61 58 61 58 61 58 61 58 61 58 61 58 61 58 61 58 61 58 61 58 61 58 61 58 61 58 61 58 61 58 61 58 61 58 61 58 61 58 61 58 61 58 61 58 61 58 61 58 61 58 61 58 61 58 15 15 15 15 15 15 15 58 61 58 61 58 61 58 61 58 61 58 61 58 61 58 61 58 61 58 61 58 61 58 61 58 61 58 61 58 61 58 61 58 61 58 61 58 
60 57 60 57 60 57 60 57 60 57 60 57 60 57 60 57 60 57 60 57 60 57 60 57 60 57 60 57 60 57 60 57 60 57 60 57 60 57 60 57 60 57 60 57 60 57 60 57 60 57 60 57 60 57 60 57 60 57 60 57 60 57 60 57 60 57 60 57 60 57 60 57 60 57 60 57 60 57 60 57 60 57 60 57 60 57 60 57 60 57 60 57 60 57 60 57 60 57 60 57 60 57 60 57 60 57 60 57 60 57 60 57 60 57 60 57 60 57 60 57 60 57 60 57 60 57 60 57 60 57 60 57 60 57 60 57 60 57 60 57 60 57 60 57 60 57 60 57 60 57 60 57 60 57 60 57 60 57 60 57 60 57 60 57 60 57 60 57 60 57 60 57 60 57 60 57 60 57 60 57 60 57 60 57 60 57 60 57 60 57 60 57 60 57 60 57 60 57 60 57 60 57 60 57 60 57 15 15 15 15 15 15 15 57 60 57 60 57 60 57 60 57 60 57 60 57 60 57 60 57 60 57 60 57 60 57 60 57 60 57 60 57 60 57 60 57 60 57 60 57 
62 59 62 59 62 59 62 59 62 59 62 59 62 59 62 59 62 59 62 59 62 59 62 59 62 59 62 59 62 59 62 59 62 59 62 59 62 59 62 59 62 59 62 59 62 59 62 59 62 59 62 59 62 59 62 59 62 59 62 59 62 59 62 59 62 59 62 59 62 59 62 59 62 59 62 59 62 59 62 59 62 59 62 59 62 59 62 59 62 59 62 59 62 59 62 59 62 59 62 59 62 59 62 59 62 59 62 59 62 59 62 59 62 59 62 59 62 59 62 59 62 59 62 59 62 59 62 59 62 59 62 59 62 59 62 59 62 59 62 59 62 59 62 59 62 59 62 59 62 59 62 59 62 59 62 59 62 59 62 59 62 59 62 59 62 59 62 59 62 59 62 59 62 59 62 59 62 59 62 59 62 59 62 59 62 59 62 59 62 59 62 59 62 59 62 59 62 59 62 59 62 59 62 59 62 59 15 15 15 15 15 15 15 59 62 59 62 59 62 59 62 59 62 59 62 59 62 59 62 59 62 59 62 59 62 59 62 59 62 59 62 59 62 59 62 59 62 59 62 59 
61 58 61 58 61 58 61 58 61 58 61 58 61 58 61 58 61 58 61 58 61 58 61 58 61 58 61 58 61 58 61 58 61 58 61 58 61 58 61 58 61 58 61 58 61 58 61 58 61 58 61 58 61 58 61 58 61 58 61 58 61 58 61 58 61 58 61 58 61 58 61 58 61 58 61 58 61 58 61 58 61 58 61 58 61 58 61 58 61 58 61 58 61 58 61 58 61 58 61 58 61 58 61 58 61 58 61 58 61 58 61 58 61 58 61 58 61 58 61 58 61 58 61 58 61 58 61 58 61 58 61 58 61 58 61 58 61 58 61 58 61 58 61 58 61 58 61 58 61 58 61 58 61 58 61 58 61 58 61 58 61 58 61 58 61 58 61 58 61 58 61 58 61 58 61 58 61 58 61 58 61 58 61 58 61 58 61 58 61 58 61 58 61 58 61 58 61 58 61 58 61 58 61 58 61 58 15 15 15 15 15 15 15 58 61 58 61 58 61 58 61 58 61 58 61 58 61 58 61 58 61 58 61 58 61 58 61 58 61 58 61 58 61 58 61 58 61 58 61 58 
60 57 60 57 60 57 60 57 60 57 60 57 60 57 60 57 60 57 60 57 60 57 60 57 60 57 60 57 60 57 60 57 60 57 60 57 60 57 60 57 60 57 60 57 60 57 60 57 60 57 60 57 60 57 60 57 60 57 60 57 60 57 60 57 60 57 60 57 60 57 60 57 60 57 60 57 60 57 60 57 60 57 60 57 60 57 60 57 60 57 60 57 60 57 60 57 60 57 60 57 60 57 60 57 60 57 60 57 60 57 60 57 60 57 60 57 60 57 60 57 60 57 60 57 60 57 60 57 60 57 60 57 60 57 60 57 60 57 60 57 60 57 60 57 60 57 60 57 60 57 60 57 60 57 60 57 60 57 60 57 60 57 60 57 60 57 60 57 60 57 60 57 60 57 60 57 60 57 60 57 60 57 60 57 60 57 60 57 60 57 60 57 60 57 60 57 60 57 60 57 60 57 60 57 60 57 15 15 15 15 15 15 15 57 60 57 60 57 60 57 60 57 60 57 60 57 60 57 60 57 60 57 60 57 60 57 60 57 60 57 60 57 60 57 60 57 60 57 60 57 
62 59 62 59 62 59 62 59 62 59 62 59 62 59 62 59 62 59 62 59 62 59 62 59 62 59 62 59 62 59 62 59 62 59 62 59 62 59 62 59 62 59 62 59 62 59 62 59 62 59 62 59 62 59 62 59 62 59 62 59 62 59 62 59 62 59 62 59 62 59 62 59 62 59 62 59 62 59 62 59 62 59 62 59 62 59 62 59 62 59 62 59 62 59 62 59 62 59 62 59 62 59 62 59 62 59 62 59 62 59 62 59 62 59 62 59 62 59 62 59 62 59 62 59 62 59 62 59 62 59 62 59 62 59 62 59 62 59 62 59 62 59 62 59 62 59 62 59 62 59 62 59 62 59 62 59 62 59 62 59 62 59 62 59 62 59 62 59 62 59 62 59 62 59 62 59 62 59 62 59 62 59 62 59 62 59 62 59 62 59 62 59 62 59 62 59 62 59 62 59 62 59 62 59 15 15 15 15 15 15 15 15 15 59 62 59 62 59 62 59 62 59 62 59 62 59 62 59 62 59 62 59 62 59 62 59 62 59 62 59 62 59 62 59 62 59 62 59 62 59 
61 58 61 58 61 58 61 58 61 58 61 58 61 58 61 58 61 58 61 58 61 58 61 58 61 58 61 58 61 58 61 58 61 58 61 58 61 58 61 58 61 58 61 58 61 58 61 58 61 58 61 58 61 58 61 58 61 58 61 58 61 58 61 58 61 58 61 58 61 58 61 58 61 58 61 58 61 58 61 58 61 58 61 58 61 58 61 58 61 58 61 58 61 58 61 58 61 58 61 58 61 58 61 58 61 58 61 58 61 58 61 58 61 58 61 58 61 58 61 58 61 58 61 58 61 58 61 58 61 58 61 58 61 58 61 58 61 58 61 58 61 58 61 58 61 58 61 58 61 58 61 58 61 58 61 58 61 58 61 58 61 58 61 58 61 58 61 58 61 58 61 58 61 58 61 58 61 58 61 58 61 58 61 58 61 58 61 58 61 58 61 58 61 58 61 58 61 58 61 58 61 58 61 58 15 15 15 15 15 15 15 15 15 58 61 58 61 58 61 58 61 58 61 58 61 58 61 58 61 58 61 58 61 58 61 58 61 58 61 58 61 58 61 58 61 58 61 58 61 58 
60 57 60 57 60 57 60 57 60 57 60 57 60 57 60 57 60 57 60 57 60 57 60 57 60 57 60 57 60 57 60 57 60 57 60 57 60 57 60 57 60 57 60 57 60 57 60 57 60 57 60 57 60 57 60 57 60 57 60 57 60 57 60 57 60 57 60 57 60 57 60 57 60 57 60 57 60 57 60 57 60 57 60 57 60 57 60 57 60 57 60 57 60 57 60 57 60 57 60 57 60 57 60 57 60 57 60 57 60 57 60 57 60 57 60 57 60 57 60 57 60 57 60 57 60 57 60 57 60 57 60 57 60 57 60 57 60 57 60 57 60 57 60 57 60 57 60 57 60 57 60 57 60 57 60 57 60 57 60 57 60 57 60 57 60 57 60 57 60 57 60 57 60 57 60 57 60 57 60 57 60 57 60 57 60 57 60 57 60 57 60 57 60 57 60 57 60 57 60 57 60 57 15 15 15 15 15 15 15 15 60 15 60 57 60 57 60 57 60 57 60 57 60 57 60 57 60 57 60 57 60 57 60 57 60 57 60 57 60 57 60 57 60 57 60 57 60 57 60 57 
62 59 62 59 62 59 62 59 62 59 62 59 62 59 62 59 62 59 62 59 62 59 62 59 62 59 62 59 62 59 62 59 62 59 62 59 62 59 62 59 62 59 62 59 62 59 62 59 62 59 62 59 62 59 62 59 62 59 62 59 62 59 62 59 62 59 62 59 62 59 62 59 62 59 62 59 62 59 62 59 62 59 62 59 62 59 62 59 62 59 62 59 62 59 62 59 62 59 62 59 62 59 62 59 62 59 62 59 62 59 62 59 62 59 62 59 62 59 62 59 62 59 62 59 62 59 62 59 62 59 62 59 62 59 62 59 62 59 62 59 62 59 62 59 62 59 62 59 62 59 62 59 62 59 62 59 62 59 62 59 62 59 62 59 62 59 62 59 62 59 62 59 62 59 62 59 62 59 62 59 62 59 62 59 62 59 62 59 62 59 62 59 62 59 62 59 62 59 62 59 62 15 15 15 15 15 15 15 15 59 62 59 62 59 62 59 62 59 62 59 62 59 62 59 62 59 62 59 62 59 62 59 62 59 62 59 62 59 62 59 62 59 62 59 62 59 62 59 62 59 
61 58 61 58 61 58 61 58 61 58 61 58 61 58 61 58 61 58 61 58 61 58 61 58 61 58 61 58 61 58 61 58 61 58 61 58 61 58 61 58 61 58 61 58 61 58 61 58 61 58 61 58 61 58 61 58 61 58 61 58 61 58 61 58 61 58 61 58 61 58 61 58 61 58 61 58 61 58 61 58 61 58 61 58 61 58 61 58 61 58 61 58 61 58 61 58 61 58 61 58 61 58 61 58 61 58 61 58 61 58 61 58 61 58 61 58 61 58 61 58 61 58 61 58 61 58 61 58 61 58 61 58 61 58 61 58 61 58 61 58 61 58 61 58 61 58 61 58 61 58 61 58 61 58 61 58 61 58 61 58 61 58 61 58 61 58 61 58 61 58 61 58 61 58 61 58 61 58 61 58 61 58 61 58 61 58 61 58 61 58 61 58 61 58 61 58 61 58 61 58 15 15 61 15 15 15 15 15 61 58 61 58 61 58 61 58 61 58 61 58 61 58 61 58 61 58 61 58 61 58 61 58 61 58 61 58 61 58 61 58 61 58 61 58 61 58 61 58 61 58 
60 57 60 57 60 57 60 57 60 57 60 57 60 57 60 57 60 57 60 57 60 57 60 57 60 57 60 57 60 57 60 57 60 57 60 57 60 57 60 57 60 57 60 57 60 57 60 57 60 57 60 57 60 57 60 57 60 57 60 57 60 57 60 57 60 57 60 57 60 57 60 57 60 57 60 57 60 57 60 57 60 57 60 57 60 57 60 57 60 57 60 57 60 57 60 57 60 57 60 57 60 57 60 57 60 57 60 57 60 57 60 57 60 57 60 57 60 57 60 57 60 57 60 57 60 57 60 57 60 57 60 57 60 57 60 57 60 57 60 57 60 57 60 57 60 57 60 57 60 57 60 57 60 57 60 57 60 57 60 57 60 57 60 57 60 57 60 57 60 57 60 57 60 57 60 57 60 57 60 57 60 57 60 57 60 57 60 57 60 57 60 57 60 57 60 57 60 57 60 15 15 15 15 15 15 15 15 57 60 57 60 57 60 57 60 57 60 57 60 57 60 57 60 57 60 57 60 57 60 57 60 57 60 57 60 57 60 57 60 57 60 57 60 57 60 57 60 57 60 57 
62 59 62 59 62 59 62 59 62 59 62 59 62 59 62 59 62 59 62 59 62 59 62 59 62 59 62 59 62 59 62 59 62 59 62 59 62 59 62 59 62 59 62 59 62 59 62 59 62 59 62 59 62 59 62 59 62 59 62 59 62 59 62 59 62 59 62 59 62 59 62 59 62 59 62 59 62 59 62 59 62 59 62 59 62 59 62 59 62 59 62 59 62 59 62 59 62 59 62 59 62 59 62 59 62 59 62 59 62 59 62 59 62 59 62 59 62 59 62 59 62 59 62 59 62 59 62 59 62 59 62 59 62 59 62 59 62 59 62 59 62 59 62 59 62 59 62 59 62 59 62 59 62 59 62 59 62 59 62 59 62 59 62 59 62 59 62 59 62 59 62 59 62 59 62 59 62 59 62 59 62 59 62 59 62 59 62 59 62 59 62 59 62 59 62 59 62 15 15 15 15 15 15 15 15 15 62 59 62 59 62 59 62 59 62 59 62 59 62 59 62 59 62 59 62 59 62 59 62 59 62 59 62 59 62 59 62 59 62 59 62 59 62 59 62 59 62 59 62 59 
61 58 61 58 61 58 61 58 61 58 61 58 61 58 61 58 61 58 61 58 61 58 61 58 61 58 61 58 61 58 61 58 61 58 61 58 61 58 61 58 61 58 61 58 61 58 61 58 61 58 61 58 61 58 61 58 61 58 61 58 61 58 61 58 61 58 61 58 61 58 61 58 61 58 61 58 61 58 61 58 61 58 61 58 61 58 61 58 61 58 61 58 61 58 61 58 61 58 61 58 61 58 61 58 61 58 61 58 61 58 61 58 61 58 61 58 61 58 61 58 61 58 61 58 61 58 61 58 61 58 61 58 61 58 61 58 61 58 61 58 61 58 61 58 61 58 61 58 61 58 61 58 61 58 61 58 61 58 61 58 61 58 61 58 61 58 61 58 61 58 61 58 61 58 61 58 61 58 61 58 61 58 61 58 61 58 61 58 61 58 61 58 61 58 61 58 15 15 15 15 15 15 15 15 15 58 61 58 61 58 61 58 61 58 61 58 61 58 61 58 61 58 61 58 61 58 61 58 61 58 61 58 61 58 61 58 61 58 61 58 61 58 61 58 61 58 61 58 61 58 
60 57 60 57 60 57 60 57 60 57 60 57 60 57 60 57 60 57 60 57 60 57 60 57 60 57 60 57 60 57 60 57 60 57 60 57 60 57 60 57 60 57 60 57 60 57 60 57 60 57 60 57 60 57 60 57 60 57 60 57 60 57 60 57 60 57 60 57 60 57 60 57 60 57 60 57 60 57 60 57 60 57 60 57 60 57 60 57 60 57 60 57 60 57 60 57 60 57 60 57 60 57 60 57 60 57 60 57 60 57 60 57 60 57 60 57 60 57 60 57 60 57 60 57 60 57 60 57 60 57 60 57 60 57 60 57 60 57 60 57 60 57 60 57 60 57 60 57 60 57 60 57 60 57 60 57 60 57 60 57 60 57 60 57 60 57 60 57 60 57 60 57 60 57 60 57 60 57 60 57 60 57 60 57 60 57 60 57 60 57 60 57 60 57 15 15 15 15 15 15 15 15 15 15 60 57 60 57 60 57 60 57 60 57 60 57 60 57 60 57 60 57 60 57 60 57 60 57 60 57 60 57 60 57 60 57 60 57 60 57 60 57 60 57 60 57 60 57 60 57 
62 59 62 59 62 59 62 59 62 59 62 59 62 59 62 59 62 59 62 59 62 59 62 59 62 59 62 59 62 59 62 59 62 59 62 59 62 59 62 59 62 59 62 59 62 59 62 59 62 59 62 59 62 59 62 59 62 59 62 59 62 59 62 59 62 59 62 59 62 59 62 59 62 59 62 59 62 59 62 59 62 59 62 59 62 59 62 59 62 59 62 59 62 59 62 59 62 59 62 59 62 59 62 59 62 59 62 59 62 59 62 59 62 59 62 59 62 59 62 59 62 59 62 59 62 59 62 59 62 59 62 59 62 59 62 59 62 59 62 59 62 59 62 59 62 59 62 59 62 59 62 59 62 59 62 59 62 59 62 59 62 59 62 59 62 59 62 59 62 59 62 59 62 59 62 59 62 59 62 59 62 59 62 59 62 59 62 59 62 59 62 59 62 15 15 15 15 15 15 15 15 15 15 15 62 59 62 59 62 59 62 59 62 59 62 59 62 59 62 59 62 59 62 59 62 59 62 59 62 59 62 59 62 59 62 59 62 59 62 59 62 59 62 59 62 59 62 59 62 59 
61 58 61 58 61 58 61 58 61 58 61 58 61 58 61 58 61 58 61 58 61 58 61 58 61 58 61 58 61 58 61 58 61 58 61 58 61 58 61 58 61 58 61 58 61 58 61 58 61 58 61 58 61 58 61 58 61 58 61 58 61 58 61 58 61 58 61 58 61 58 61 58 61 58 61 58 61 58 61 58 61 58 61 58 61 58 61 58 61 58 61 58 61 58 61 58 61 58 61 58 61 58 61 58 61 58 61 58 61 58 61 58 61 58 61 58 61 58 61 58 61 58 61 58 61 58 61 58 61 58 61 58 61 58 61 58 61 58 61 58 61 58 61 58 61 58 61 58 61 58 61 58 61 58 61 58 61 58 61 58 61 58 61 58 61 58 61 58 61 58 61 58 61 58 61 58 61 58 61 58 61 58 61 58 61 58 61 58 61 58 61 58 15 15 15 15 15 15 15 15 15 15 15 15 61 58 61 58 61 58 61 58 61 58 61 58 61 58 61 58 61 58 61 58 61 58 61 58 61 58 61 58 61 58 61 58 61 58 61 58 61 58 61 58 61 58 61 58 61 58 
60 57 60 57 60 57 60 57 60 57 60 57 60 57 60 57 60 57 60 57 60 57 60 57 60 57 60 57 60 57 60 57 60 57 60 57 60 57 60 57 60 57 60 57 60 57 60 57 60 57 60 57 60 57 60 57 60 57 60 57 60 57 60 57 60 57 60 57 60 57 60 57 60 57 60 57 60 57 60 57 60 57 60 57 60 57 60 57 60 57 60 57 60 57 60 57 60 57 60 57 60 57 60 57 60 57 60 57 60 57 60 57 60 57 60 57 60 57 60 57 60 57 60 57 60 57 60 57 60 57 60 57 60 57 60 57 60 57 60 57 60 57 60 57 60 57 60 57 60 57 60 57 60 57 60 57 60 57 60 57 60 57 60 57 60 57 60 57 60 57 60 57 60 57 60 57 60 57 60 57 60 57 60 57 60 57 60 57 60 57 60 15 15 15 15 15 15 15 15 15 15 57 60 57 60 57 60 57 60 57 60 57 60 57 60 57 60 57 60 57 60 57 60 57 60 57 60 57 60 57 60 57 60 57 60 57 60 57 60 57 60 57 60 57 60 57 60 57 60 57 
62 59 62 59 62 59 62 59 62 59 62 59 62 59 62 59 62 59 62 59 62 59 62 59 62 59 62 59 62 59 62 59 62 59 62 59 62 59 62 59 62 59 62 59 62 59 62 59 62 59 62 59 62 59 62 59 62 59 62 59 62 59 62 59 62 59 62 59 62 59 62 59 62 59 62 59 62 59 62 59 62 59 62 59 62 59 62 59 62 59 62 59 62 59 62 59 62 59 62 59 62 59 62 59 62 59 62 59 62 59 62 59 62 59 62 59 62 59 62 59 62 59 62 59 62 59 62 59 62 59 62 59 62 59 62 59 62 59 62 59 62 59 62 59 62 59 62 59 62 59 62 59 62 59 62 59 62 59 62 59 62 59 62 59 62 59 62 59 62 59 62 59 62 59 62 59 62 59 62 59 62 59 62 59 62 59 62 59 62 59 62 15 15 15 15 15 15 59 62 59 62 59 62 59 62 59 62 59 62 59 62 59 62 59 62 59 62 59 62 59 62 59 62 59 62 59 62 59 62 59 62 59 62 59 62 59 62 59 62 59 62 59 62 59 62 59 62 59 62 59 
61 58 61 58 61 58 61 58 61 58 61 58 61 58 61 58 61 58 61 58 61 58 61 58 61 58 61 58 61 58 61 58 61 58 61 58 61 58 61 58 61 58 61 58 61 58 61 58 61 58 61 58 61 58 61 58 61 58 61 58 61 58 61 58 61 58 61 58 61 58 61 58 61 58 61 58 61 58 61 58 61 58 61 58 61 58 61 58 61 58 61 58 61 58 61 58 61 58 61 58 61 58 61 58 61 58 61 58 61 58 61 58 61 58 61 58 61 58 61 58 61 58 61 58 61 58 61 58 61 58 61 58 61 58 61 58 61 58 61 58 61 58 61 58 61 58 61 58 61 58 61 58 61 58 61 58 61 58 61 58 61 58 61 58 61 58 61 58 61 58 61 58 61 58 61 58 61 58 61 58 61 58 61 58 61 58 61 58 15 15 15 15 15 15 15 15 61 58 61 58 61 58 61 58 61 58 61 58 61 58 61 58 61 58 61 58 61 58 61 58 61 58 61 58 61 58 61 58 61 58 61 58 61 58 61 58 61 58 61 58 61 58 61 58 61 58 61 58 61 58 
60 57 60 57 60 57 60 57 60 57 60 57 60 57 60 57 60 57 60 57 60 57 60 57 60 57 60 57 60 57 60 57 60 57 60 57 60 57 60 57 60 57 60 57 60 57 60 57 60 57 60 57 60 57 60 57 60 57 60 57 60 57 60 57 60 57 60 57 60 57 60 57 60 57 60 57 60 57 60 57 60 57 60 57 60 57 60 57 60 57 60 57 60 57 60 57 60 57 60 57 60 57 60 57 60 57 60 57 60 57 60 57 60 57 60 57 60 57 60 57 60 57 60 57 60 57 60 57 60 57 60 57 60 57 60 57 60 57 60 57 60 57 60 57 60 57 60 57 60 57 60 57 60 57 60 57 60 57 60 57 60 57 60 57 60 57 60 57 60 57 60 57 60 57 60 57 60 57 60 57 60 57 60 57 60 57 60 15 15 15 15 15 15 15 15 15 60 57 60 57 60 57 60 57 60 57 60 57 60 57 60 57 60 57 60 57 60 57 60 57 60 57 60 57 60 57 60 57 60 57 60 57 60 57 60 57 60 57 60 57 60 57 60 57 60 57 60 57 60 57 
62 59 62 59 62 59 62 59 62 59 62 59 62 59 62 59 62 59 62 59 62 59 62 59 62 59 62 59 62 59 62 59 62 59 62 59 62 59 62 59 62 59 62 59 62 59 62 59 62 59 62 59 62 59 62 59 62 59 62 59 62 59 62 59 62 59 62 59 62 59 62 59 62 59 62 59 62 59 62 59 62 59 62 59 62 59 62 59 62 59 62 59 62 59 62 59 62 59 62 59 62 59 62 59 62 59 62 59 62 59 62 59 62 59 62 59 62 59 62 59 62 59 62 59 62 59 62 59 62 59 62 59 62 59 62 59 62 59 62 59 62 59 62 59 62 59 62 59 62 59 62 59 62 59 62 59 62 59 62 59 62 59 62 59 62 59 62 59 62 59 62 59 62 59 62 59 62 59 62 59 62 59 62 59 62 15 15 15 15 15 15 15 15 15 62 59 62 59 62 59 62 59 62 59 62 59 62 59 62 59 62 59 62 59 62 59 62 59 62 59 62 59 62 59 62 59 62 59 62 59 62 59 62 59 62 59 62 59 62 59 62 59 62 59 62 59 62 59 62 59 
61 58 61 58 61 58 61 58 61 58 61 58 61 58 61 58 61 58 61 58 61 58 61 58 61 58 61 58 61 58 61 58 61 58 61 58 61 58 61 58 61 58 61 58 61 58 61 58 61 58 61 58 61 58 61 58 61 58 61 58 61 58 61 58 61 58 61 58 61 58 61 58 61 58 61 58 61 58 61 58 61 58 61 58 61 58 61 58 61 58 61 58 61 58 61 58 61 58 61 58 61 58 61 58 61 58 61 58 61 58 61 58 61 58 61 58 61 58 61 58 61 58 61 58 61 58 61 58 61 58 61 58 61 58 61 58 61 58 61 58 61 58 61 58 61 58 61 58 61 58 61 58 61 58 61 58 61 58 61 58 61 58 61 58 61 58 61 58 61 58 61 58 61 58 61 58 61 58 61 58 61 58 61 58 15 15 15 15 15 15 15 15 15 58 61 58 61 58 61 58 61 58 61 58 61 58 61 58 61 58 61 58 61 58 61 58 61 58 61 58 61 58 61 58 61 58 61 58 61 58 61 58 61 58 61 58 61 58 61 58 61 58 61 58 61 58 61 58 61 58 
60 57 60 57 60 57 60 57 60 57 60 57 60 57 60 57 60 57 60 57 60 57 60 57 60 57 60 57 60 57 60 57 60 57 60 57 60 57 60 57 60 57 60 57 60 57 60 57 60 57 60 57 60 57 60 57 60 57 60 57 60 57 60 57 60 57 60 57 60 57 60 57 60 57 60 57 60 57 60 57 60 57 60 57 60 57 60 57 60 57 60 57 60 57 60 57 60 57 60 57 60 57 60 57 60 57 60 57 60 57 60 57 60 57 60 57 60 57 60 57 60 57 60 57 60 57 60 57 60 57 60 57 60 57 60 57 60 57 60 57 60 57 60 57 60 57 60 57 60 57 60 57 60 57 60 57 60 57 60 57 60 57 60 57 60 57 60 57 60 57 60 57 60 57 60 57 60 57 60 57 60 57 60 15 15 15 15 15 15 15 15 15 60 57 60 57 60 57 60 57 60 57 60 57 60 57 60 57 60 57 60 57 60 57 60 57 60 57 60 57 60 57 60 57 60 57 60 57 60 57 60 57 60 57 60 57 60 57 60 57 60 57 60 57 60 57 60 57 60 57 
62 59 62 59 62 59 62 59 62 59 62 59 62 59 62 59 62 59 62 59 62 59 62 59 62 59 62 59 62 59 62 59 62 59 62 59 62 59 62 59 62 59 62 59 62 59 62 59 62 59 62 59 62 59 62 59 62 59 62 59 62 59 62 59 62 59 62 59 62 59 62 59 62 59 62 59 62 59 62 59 62 59 62 59 62 59 62 59 62 59 62 59 62 59 62 59 62 59 62 59 62 59 62 59 62 59 62 59 62 59 62 59 62 59 62 59 62 59 62 59 62 59 62 59 62 59 62 59 62 59 62 59 62 59 62 59 62 59 62 59 62 59 62 59 62 59 62 59 62 59 62 59 62 59 62 59 62 59 62 59 62 59 62 59 62 59 62 59 62 59 62 59 62 59 62 59 62 59 62 59 62 15 15 15 15 15 15 15 15 15 15 59 62 59 62 59 62 59 62 59 62 59 62 59 62 59 62 59 62 59 62 59 62 59 62 59 62 59 62 59 62 59 62 59 62 59 62 59 62 59 62 59 62 59 62 59 62 59 62 59 62 59 62 59 62 59 62 59 62 59 
61 58 61 58 61 58 61 58 61 58 61 58 61 58 61 58 61 58 61 58 61 58 61 58 61 58 61 58 61 58 61 58 61 58 61 58 61 58 61 58 61 58 61 58 61 58 61 58 61 58 61 58 61 58 61 58 61 58 61 58 61 58 61 58 61 58 61 58 61 58 61 58 61 58 61 58 61 58 61 58 61 58 61 58 61 58 61 58 61 58 61 58 61 58 61 58 61 58 61 58 61 58 61 58 61 58 61 58 61 58 61 58 61 58 61 58 61 58 61 58 61 58 61 58 61 58 61 58 61 58 61 58 61 58 61 58 61 58 61 58 61 58 61 58 61 58 61 58 61 58 61 58 61 58 61 58 61 58 61 58 61 58 15 15 15 15 61 15 15 15 61 15 15 58 61 58 61 58 61 58 15 15 15 58 15 15 15 58 61 58 61 58 61 15 61 58 61 15 61 15 61 58 61 58 61 15 15 58 15 58 61 58 61 58 61 58 61 58 61 58 61 58 61 58 61 58 61 58 61 58 61 58 61 58 61 58 61 58 61 58 61 58 61 58 61 58 15 58 15 15 
60 57 60 57 60 57 60 57 60 57 60 57 60 57 60 57 60 57 60 57 60 57 60 57 60 57 60 57 60 57 60 57 60 57 60 57 60 57 60 57 60 57 60 57 60 57 60 57 60 57 60 57 60 57 60 57 60 57 60 57 60 57 60 57 60 57 60 57 60 57 60 57 60 57 60 57 60 57 60 57 60 57 60 57 60 57 60 57 60 57 60 57 60 57 60 57 60 57 60 57 60 57 60 57 60 57 60 57 60 57 60 57 60 57 60 57 60 57 60 57 60 57 60 57 60 57 60 57 60 57 60 57 60 57 60 57 60 57 60 57 60 57 60 57 60 57 60 57 60 15 15 57 15 57 60 15 15 15 15 15 15 15 15 15 15 15 15 15 15 15 15 15 15 15 15 15 15 15 15 15 15 15 15 15 15 15 15 15 60 57 60 57 60 15 15 15 15 15 15 15 15 15 15 15 15 15 15 15 15 15 15 15 15 15 15 15 15 57 15 57 15 15 60 57 15 15 15 15 15 15 15 15 15 15 15 15 15 15 15 15 15 15 15 15 15 15 15 15 15 15 
62 59 62 59 62 59 62 59 62 59 62 59 62 59 62 59 62 59 62 59 62 59 62 59 62 59 62 59 62 59 62 59 62 59 62 59 62 59 62 59 62 59 62 59 62 59 62 59 62 59 62 59 62 59 62 59 62 59 62 59 62 59 62 59 62 59 62 59 62 59 62 59 62 59 62 59 62 59 62 59 62 59 62 59 62 59 62 59 62 59 62 59 62 59 62 59 62 59 62 59 62 59 62 59 62 59 62 59 62 59 62 59 62 59 62 59 62 59 62 59 62 59 62 59 62 59 62 59 62 59 62 59 62 59 62 59 62 59 62 59 62 59 62 59 62 59 15 59 15 15 15 15 15 15 15 15 15 15 15 15 15 15 15 15 15 15 15 15 15 15 15 15 15 15 15 15 15 15 15 15 15 15 15 15 15 15 15 15 15 15 15 15 15 15 15 15 15 15 15 15 15 15 15 15 15 15 15 15 15 15 15 15 15 15 15 15 15 15 62 15 15 15 15 15 15 15 15 15 15 15 15 15 15 15 15 15 15 15 15 15 15 15 15 15 15 15 15 15 15 15 
61 58 61 58 61 58 61 58 61 58 61 58 61 58 61 58 61 58 61 58 61 58 61 58 61 58 61 58 61 58 61 58 61 58 61 58 61 58 61 58 61 58 61 58 61 58 61 58 61 58 61 58 61 58 61 58 61 58 61 58 61 58 61 58 61 58 61 58 61 58 61 58 61 58 61 58 61 58 61 58 61 58 61 58 61 58 61 58 61 58 61 58 61 58 61 58 61 58 61 58 61 58 61 58 61 58 61 58 61 58 61 58 61 58 61 58 61 58 61 58 61 58 61 58 61 58 61 58 61 58 61 58 61 58 61 58 61 58 61 58 61 58 61 58 61 58 15 15 15 15 15 15 15 15 15 15 15 15 15 15 15 15 15 15 15 15 15 15 15 15 15 15 15 15 15 15 15 15 15 15 15 15 15 15 15 15 15 15 15 15 15 15 15 15 15 15 15 15 15 15 15 15 15 15 15 15 15 15 15 15 15 15 15 15 15 15 15 58 15 15 15 15 15 15 15 15 15 15 15 15 15 15 15 15 15 15 15 15 15 15 15 15 15 15 15 15 15 15 15 15 
60 57 60 57 60 57 60 57 60 57 60 57 60 57 60 57 60 57 60 57 60 57 60 57 60 57 60 57 60 57 60 57 60 57 60 57 60 57 60 57 60 57 60 57 60 57 60 57 60 57 60 57 60 57 60 57 60 57 60 57 60 57 60 57 60 57 60 57 60 57 60 57 60 57 60 57 60 57 60 57 60 57 60 57 60 57 60 57 60 57 60 57 60 57 60 57 60 57 60 57 60 57 60 57 60 57 60 57 60 57 60 57 60 57 60 57 60 57 60 57 60 57 60 57 60 57 60 57 60 57 60 57 60 57 60 57 60 57 60 57 15 57 15 57 15 15 15 15 15 15 15 15 15 15 15 15 15 15 15 15 15 15 15 15 15 15 15 15 15 15 15 15 15 15 15 15 15 15 15 15 15 15 15 15 15 15 15 15 15 15 15 15 15 15 15 15 15 15 15 15 15 15 15 15 15 15 15 15 15 15 15 15 15 15 15 15 15 15 15 15 15 15 15 15 15 15 15 15 15 15 15 15 15 15 15 15 15 15 15 15 15 15 15 15 15 15 15 15 15 57 
62 59 62 59 62 59 62 59 62 59 62 59 62 59 62 59 62 59 62 59 62 59 62 59 62 59 62 59 62 59 62 59 62 59 62 59 62 59 62 59 62 59 62 59 62 59 62 59 62 59 62 59 62 59 62 59 62 59 62 59 62 59 62 59 62 59 62 59 62 59 62 59 62 59 62 59 62 59 62 59 62 59 62 59 62 59 62 59 62 59 62 59 62 59 62 59 62 59 62 59 62 59 62 59 62 59 62 59 62 59 62 59 62 59 62 59 62 59 62 59 62 59 62 59 62 59 62 59 62 59 15 15 0 0 15 15 15 15 15 0 15 15 15 15 15 15 15 15 15 15 15 15 15 15 15 15 15 15 15 15 15 15 15 15 15 15 15 15 15 15 15 15 15 15 15 15 15 15 15 15 15 15 15 15 15 15 15 15 15 15 15 15 15 15 15 15 15 15 15 15 15 15 15 15 15 15 15 15 15 15 15 15 15 15 15 15 15 15 15 15 15 15 15 15 15 15 15 15 15 15 15 15 15 15 15 15 15 15 15 15 15 15 15 15 15 15 15 15 15 15 
61 58 61 58 61 58 61 58 61 58 61 58 61 58 61 58 61 58 61 58 61 58 61 58 61 58 61 58 61 58 61 58 61 58 61 58 61 58 61 58 61 58 61 58 61 58 61 58 61 58 61 58 61 58 61 58 61 58 61 58 61 58 61 58 61 58 61 58 61 58 61 58 61 58 61 58 61 58 61 58 61 58 61 58 61 58 61 58 61 58 61 58 61 58 61 58 61 58 61 58 61 58 61 58 61 58 61 58 61 58 61 58 61 58 61 58 61 58 61 58 61 58 61 58 61 58 61 58 61 58 15 15 15 15 15 15 15 15 15 15 15 15 15 15 15 15 15 15 15 15 15 15 15 15 15 15 15 15 15 15 15 15 15 15 15 15 15 15 15 15 15 15 15 15 15 15 15 15 15 15 15 15 15 15 15 15 15 15 15 15 15 15 15 15 15 15 15 15 15 15 15 15 15 15 15 15 15 15 15 15 15 15 15 15 15 15 15 15 15 15 15 15 15 15 15 15 15 15 15 15 15 15 15 15 15 15 15 15 15 15 15 15 15 15 15 15 15 15 15 15 
60 57 60 57 60 57 60 57 60 57 60 57 60 57 60 57 60 57 60 57 60 57 60 57 60 57 60 57 60 57 60 57 60 57 60 57 60 57 60 57 60 57 60 57 60 57 60 57 60 57 60 57 60 57 60 57 60 57 60 57 60 57 60 57 60 57 60 57 60 57 60 57 60 57 60 57 60 57 60 57 60 57 60 57 60 57 60 57 60 57 60 57 60 57 60 57 60 57 60 57 60 57 60 57 60 57 60 57 60 57 60 57 60 57 60 57 60 57 60 57 60 57 60 57 60 57 60 57 60 15 15 15 15 15 15 15 15 15 15 15 15 15 15 15 15 15 15 15 15 15 15 15 15 15 15 15 15 15 15 15 15 15 15 15 15 15 15 15 15 15 15 15 15 15 15 15 15 15 15 15 15 57 60 57 60 57 60 57 60 57 60 57 60 57 15 15 15 15 15 15 15 57 15 15 15 15 15 15 15 15 15 15 15 15 15 15 15 15 15 15 15 15 15 15 15 15 15 57 15 15 15 15 15 15 15 15 15 15 15 15 15 15 15 15 15 15 15 15 15 15 
62 59 62 59 62 59 62 59 62 59 62 59 62 59 62 59 62 59 62 59 62 59 62 59 62 59 62 59 62 59 62 59 62 59 62 59 62 59 62 59 62 59 62 59 62 59 62 59 62 59 62 59 62 59 62 59 62 59 62 59 62 59 62 59 62 59 62 59 62 59 62 59 62 59 62 59 62 59 62 59 62 59 62 59 62 59 62 59 62 59 62 59 62 59 62 59 62 59 62 59 62 59 62 59 62 59 62 59 62 59 62 59 62 59 62 59 62 59 62 59 62 59 62 59 62 59 62 59 15 15 15 15 15 15 15 15 15 15 15 15 15 15 15 15 62 59 62 59 62 59 62 59 0 15 15 15 62 59 62 59 62 59 62 59 62 59 62 59 62 59 62 59 62 59 62 59 62 59 62 59 62 59 62 59 62 59 62 59 62 59 62 59 62 59 62 59 62 59 62 59 62 59 62 59 62 59 62 59 62 59 62 59 62 59 62 59 62 59 62 59 62 59 62 59 62 59 62 59 62 59 62 59 62 59 62 59 62 59 62 59 62 59 62 59 62 59 62 59 62 59 
61 58 61 58 61 58 61 58 61 58 61 58 61 58 61 58 61 58 61 58 61 58 61 58 61 58 61 58 61 58 61 58 61 58 61 58 61 58 61 58 61 58 61 58 61 58 61 58 61 58 61 58 61 58 61 58 61 58 61 58 61 58 61 58 61 58 61 58 61 58 61 58 61 58 61 58 61 58 61 58 61 58 61 58 61 58 61 58 61 58 61 58 61 58 61 58 61 58 61 58 61 58 61 58 61 58 61 58 61 58 61 58 61 58 61 58 61 58 61 58 61 58 61 58 61 58 61 58 15 15 15 15 15 15 15 15 15 15 15 15 15 15 15 15 61 58 61 58 61 58 61 58 0 0 0 0 61 58 61 58 61 58 61 58 61 58 61 58 61 58 61 58 61 58 61 58 61 58 61 58 61 58 61 58 61 58 61 58 61 58 61 58 61 58 61 58 61 58 61 58 61 58 61 58 61 58 61 58 61 58 61 58 61 58 61 58 61 58 61 58 61 58 61 58 61 58 61 58 61 58 61 58 61 58 61 58 61 58 61 58 61 58 61 58 61 58 61 58 61 58 
60 57 60 57 60 57 60 57 60 57 60 57 60 57 60 57 60 57 60 57 60 57 60 57 60 57 60 57 60 57 60 57 60 57 60 57 60 57 60 57 60 57 60 57 60 57 60 57 60 57 60 57 60 57 60 57 60 57 60 57 60 57 60 57 60 57 60 57 60 57 60 57 60 57 60 57 60 57 60 57 60 57 60 57 60 57 60 57 60 57 60 57 60 57 60 57 60 57 60 57 60 57 60 57 60 57 60 57 60 57 60 57 60 57 60 57 60 57 60 57 60 57 60 57 60 57 60 57 15 15 15 15 15 15 15 15 15 15 15 15 15 15 15 15 60 57 60 57 60 57 60 57 0 0 0 0 60 57 60 57 60 57 60 57 60 57 60 57 60 57 60 57 60 57 60 57 60 57 60 57 60 57 60 57 60 57 60 57 60 57 60 57 60 57 60 57 60 57 60 57 60 57 60 57 60 57 60 57 60 57 60 57 60 57 60 57 60 57 60 57 60 57 60 57 60 57 60 57 60 57 60 57 60 57 60 57 60 57 60 57 60 57 60 57 60 57 60 57 60 57 
62 59 62 59 62 59 62 59 62 59 62 59 62 59 62 59 62 59 62 59 62 59 62 59 62 59 62 59 62 59 62 59 62 59 62 59 62 59 62 59 62 59 62 59 62 59 62 59 62 59 62 59 62 59 62 59 62 59 62 59 62 59 62 59 62 59 62 59 62 59 62 59 62 59 62 59 62 59 62 59 62 59 62 59 62 59 62 59 62 59 62 59 62 59 62 59 62 59 62 59 62 59 62 59 62 59 62 59 62 59 62 59 62 59 62 59 62 59 62 59 62 59 15 15 15 15 15 15 15 15 15 15 15 15 15 15 15 15 62 59 62 59 62 59 62 59 62 59 62 59 62 59 62 59 62 59 62 59 62 59 62 59 62 59 62 59 62 59 62 59 62 59 62 59 62 59 62 59 62 59 62 59 62 59 62 59 62 59 62 59 62 59 62 59 62 59 62 59 62 59 62 59 62 59 62 59 62 59 62 59 62 59 62 59 62 59 62 59 62 59 62 59 62 59 62 59 62 59 62 59 62 59 62 59 62 59 62 59 62 59 62 59 62 59 62 59 62 59 62 59 
61 58 61 58 61 58 61 58 61 58 61 58 61 58 61 58 61 58 61 58 61 58 61 58 61 58 61 58 61 58 61 58 61 58 61 58 61 58 61 58 61 58 61 58 61 58 61 58 61 58 61 58 61 58 61 58 61 58 61 58 61 58 61 58 61 58 61 58 61 58 61 58 61 58 61 58 61 58 61 58 61 58 61 58 61 58 61 58 61 58 61 58 61 58 61 58 61 58 61 58 61 58 61 58 61 58 61 58 61 58 61 58 61 58 61 58 61 58 61 58 61 58 15 15 15 15 15 15 15 15 15 15 15 15 15 15 15 15 61 58 61 58 61 58 61 58 61 58 61 58 61 58 61 58 61 58 61 58 61 58 61 58 61 58 61 58 61 58 61 58 61 58 61 58 61 58 61 58 61 58 61 58 61 58 61 58 61 58 61 58 61 58 61 58 61 58 61 58 61 58 61 58 61 58 61 58 61 58 61 58 61 58 61 58 61 58 61 58 61 58 61 58 61 58 61 58 61 58 61 58 61 58 61 58 61 58 61 58 61 58 61 58 61 58 61 58 61 58 61 58 
60 57 60 57 60 57 60 57 60 57 60 57 60 57 60 57 60 57 60 57 60 57 60 57 60 57 60 57 60 57 60 57 60 57 60 57 60 57 60 57 60 57 60 57 60 57 60 57 60 57 60 57 60 57 60 57 60 57 60 57 60 57 60 57 60 57 60 57 60 57 60 57 60 57 60 57 60 57 60 57 60 57 60 57 60 57 60 57 60 57 60 57 60 57 60 57 60 57 60 57 60 57 60 57 60 57 60 57 60 57 60 57 60 57 60 57 60 57 60 57 60 57 15 15 15 15 15 15 15 15 15 15 15 15 15 15 15 15 60 57 60 57 60 57 60 57 60 57 60 57 60 57 60 57 60 57 60 57 60 57 60 57 60 57 60 57 60 57 60 57 60 57 60 57 60 57 60 57 60 57 60 57 60 57 60 57 60 57 60 57 60 57 60 57 60 57 60 57 60 57 60 57 60 57 60 57 60 57 60 57 60 57 60 57 60 57 60 57 60 57 60 57 60 57 60 57 60 57 60 57 60 57 60 57 60 57 60 57 60 57 60 57 60 57 60 57 60 57 60 57 
62 59 62 59 62 59 62 59 62 59 62 59 62 59 62 59 62 59 62 59 62 59 62 59 62 59 62 59 62 59 62 59 62 59 62 59 62 59 62 59 62 59 62 59 62 59 62 59 62 59 62 59 62 59 62 59 62 59 62 59 62 59 62 59 62 59 62 59 62 59 62 59 62 59 62 59 62 59 62 59 62 59 62 59 62 59 62 59 62 59 62 59 62 59 62 59 62 59 62 59 62 59 62 59 62 59 62 59 62 59 62 59 62 59 62 59 62 59 62 59 62 59 62 59 15 15 15 15 15 15 15 15 15 15 62 59 62 59 62 59 62 59 62 59 62 59 62 59 62 59 62 59 62 59 62 59 62 59 62 59 62 59 62 59 62 59 62 59 62 59 62 59 62 59 62 59 62 59 62 59 62 59 62 59 62 59 62 59 62 59 62 59 62 59 62 59 62 59 62 59 62 59 62 59 62 59 62 59 62 59 62 59 62 59 62 59 62 59 62 59 62 59 62 59 62 59 62 59 62 59 62 59 62 59 62 59 62 59 62 59 62 59 62 59 62 59 62 59 62 59 
61 58 61 58 61 58 61 58 61 58 61 58 61 58 61 58 61 58 61 58 61 58 61 58 61 58 61 58 61 58 61 58 61 58 61 58 61 58 61 58 61 58 61 58 61 58 61 58 61 58 61 58 61 58 61 58 61 58 61 58 61 58 61 58 61 58 61 58 61 58 61 58 61 58 61 58 61 58 61 58 61 58 61 58 61 58 61 58 61 58 61 58 61 58 61 58 61 58 61 58 61 58 61 58 61 58 61 58 61 58 61 58 61 58 61 58 61 58 61 58 61 58 61 58 15 15 15 15 15 15 15 15 15 15 61 58 61 58 61 58 61 58 61 58 61 58 61 58 61 58 61 58 61 58 61 58 61 58 61 58 61 58 61 58 61 58 61 58 61 58 61 58 61 58 61 58 61 58 61 58 61 58 61 58 61 58 61 58 61 58 61 58 61 58 61 58 61 58 61 58 61 58 61 58 61 58 61 58 61 58 61 58 61 58 61 58 61 58 61 58 61 58 61 58 61 58 61 58 61 58 61 58 61 58 61 58 61 58 61 58 61 58 61 58 61 58 61 58 61 58 
60 57 60 57 60 57 60 57 60 57 60 57 60 57 60 57 60 57 60 57 60 57 60 57 60 57 60 57 60 57 60 57 60 57 60 57 60 57 60 57 60 57 60 57 60 57 60 57 60 57 60 57 60 57 60 57 60 57 60 57 60 57 60 57 60 57 60 57 60 57 60 57 60 57 60 57 60 57 60 57 60 57 60 57 60 57 60 57 60 57 60 57 60 57 60 57 60 57 60 57 60 57 60 57 60 57 60 57 60 57 60 57 60 57 60 57 60 57 60 57 60 57 60 57 15 15 15 15 15 15 15 0 0 0 60 57 60 57 60 57 60 57 60 57 60 57 60 57 60 57 60 57 60 57 60 57 60 57 60 57 60 57 60 57 60 57 60 57 60 57 60 57 60 57 60 57 60 57 60 57 60 57 60 57 60 57 60 57 60 57 60 57 60 57 60 57 60 57 60 57 60 57 60 57 60 57 60 57 60 57 60 57 60 57 60 57 60 57 60 57 60 57 60 57 60 57 60 57 60 57 60 57 60 57 60 57 60 57 60 57 60 57 60 57 60 57 60 57 60 57 
62 59 62 59 62 59 62 59 62 59 62 59 62 59 62 59 62 59 62 59 62 59 62 59 62 59 62 59 62 59 62 59 62 59 62 59 62 59 62 59 62 59 62 59 62 59 62 59 62 59 62 59 62 59 62 59 62 59 62 59 62 59 62 59 62 59 62 59 62 59 62 59 62 59 62 59 62 59 62 59 62 59 62 59 62 59 62 59 62 59 62 59 62 59 62 59 62 59 62 59 62 59 62 59 62 59 62 59 62 59 62 59 62 59 62 59 62 59 62 59 62 59 62 59 15 15 15 15 15 15 62 59 62 59 62 59 62 59 62 59 62 59 62 59 62 59 62 59 62 59 62 59 62 59 62 59 62 59 62 59 62 59 62 59 62 59 62 59 62 59 62 59 62 59 62 59 62 59 62 59 62 59 62 59 62 59 62 59 62 59 62 59 62 59 62 59 62 59 62 59 62 59 62 59 62 59 62 59 62 59 62 59 62 59 62 59 62 59 62 59 62 59 62 59 62 59 62 59 62 59 62 59 62 59 62 59 62 59 62 59 62 59 62 59 62 59 62 59 62 59 
61 58 61 58 61 58 61 58 61 58 61 58 61 58 61 58 61 58 61 58 61 58 41 41 41 41 41 41 41 41 41 41 41 41 41 41 41 41 41 41 41 41 41 41 41 41 41 41 41 41 41 41 41 41 41 41 41 41 41 41 61 58 61 58 61 58 61 58 61 58 61 58 61 58 61 58 61 58 61 58 61 58 61 58 61 58 61 58 61 58 61 58 61 58 61 58 61 58 61 58 61 58 61 58 61 58 61 58 61 58 61 58 61 58 61 58 61 58 61 58 61 58 61 58 15 15 15 15 15 15 61 58 61 58 61 58 61 58 61 58 61 58 61 58 61 58 61 58 61 58 61 58 61 58 61 58 61 58 61 58 61 58 61 58 61 58 61 58 61 58 61 58 61 58 61 58 61 58 61 58 61 58 61 58 61 58 61 58 61 58 61 58 61 58 61 58 61 58 61 58 61 58 61 58 61 58 61 58 61 58 61 58 61 58 61 58 61 58 61 58 61 58 61 58 61 58 61 58 61 58 61 58 61 58 61 58 61 58 61 58 61 58 61 58 61 58 61 58 61 58 
60 57 60 57 60 57 60 57 60 57 60 57 60 57 60 57 60 57 60 57 60 57 41 41 41 41 41 41 41 41 41 41 41 41 41 41 41 41 41 41 41 41 41 41 41 41 41 41 41 41 41 41 41 41 41 41 41 41 41 41 60 57 60 57 60 57 60 57 60 57 60 57 60 57 60 57 60 57 60 57 60 57 60 57 60 57 60 57 60 57 60 57 60 57 60 57 60 57 60 57 60 57 60 57 60 57 60 57 60 57 60 57 60 57 60 57 60 57 60 57 60 57 60 57 15 15 15 15 15 15 60 57 60 57 60 57 60 57 60 57 60 57 60 57 60 57 60 57 60 57 60 57 60 57 60 57 60 57 60 57 60 57 60 57 60 57 60 57 60 57 60 57 60 57 60 57 60 57 60 57 60 57 60 57 60 57 60 57 60 57 60 57 60 57 60 57 60 57 60 57 60 57 60 57 60 57 60 57 60 57 60 57 60 57 60 57 60 57 60 57 60 57 60 57 60 57 60 57 60 57 60 57 60 57 60 57 60 57 60 57 60 57 60 57 60 57 60 57 60 57 
62 59 62 59 62 59 62 59 62 59 62 59 62 59 62 59 62 59 62 59 62 59 41 41 41 11 11 1 1 1 1 1 1 1 1 1 1 1 1 1 0 0 1 1 1 1 1 1 0 1 1 1 1 1 1 1 1 12 41 41 41 41 0 59 62 59 62 59 62 59 62 59 62 59 62 59 62 59 62 59 62 59 62 59 62 59 62 59 62 59 62 59 62 59 62 59 62 59 62 59 62 59 62 59 62 59 62 59 62 59 62 59 62 59 62 59 62 59 62 59 62 59 15 15 15 15 15 15 15 15 62 59 62 59 62 59 62 59 62 59 62 59 62 59 62 59 62 59 62 59 62 59 62 59 62 59 62 59 62 59 62 59 62 59 62 59 62 59 62 59 62 59 62 59 62 59 62 59 62 59 62 59 62 59 62 59 62 59 62 59 62 59 62 59 62 59 62 59 62 59 62 59 62 59 62 59 62 59 62 59 62 59 62 59 62 59 62 59 62 59 62 59 62 59 62 59 62 59 62 59 62 59 62 59 62 59 62 59 62 59 62 59 62 59 62 59 62 59 62 59 
61 58 61 58 61 58 61 58 61 58 61 58 61 58 61 58 61 58 61 58 61 58 41 41 12 11 11 1 1 1 0 0 1 1 1 1 1 1 1 1 11 11 1 1 0 1 1 1 0 0 1 1 1 0 1 1 1 0 13 41 41 41 0 0 61 58 61 58 61 58 61 58 61 58 61 58 61 58 61 58 61 58 61 58 61 58 61 58 61 58 61 58 61 58 61 58 61 58 61 58 61 58 61 58 61 58 61 58 61 58 61 58 61 58 61 58 61 58 61 58 61 58 15 15 15 15 15 15 15 15 61 58 61 58 61 58 61 58 61 58 61 58 61 58 61 58 61 58 61 58 61 58 61 58 61 58 61 58 61 58 61 58 61 58 61 58 61 58 61 58 61 58 61 58 61 58 61 58 61 58 61 58 61 58 61 58 61 58 61 58 61 58 61 58 61 58 61 58 61 58 61 58 61 58 61 58 61 58 61 58 61 58 61 58 61 58 61 58 61 58 61 58 61 58 61 58 61 58 61 58 61 58 61 58 61 58 61 58 61 58 61 58 61 58 61 58 61 58 61 58 
60 57 60 57 60 57 60 57 60 57 60 57 60 57 60 57 60 57 60 57 60 57 41 41 0 0 0 1 1 1 0 0 13 0 0 1 1 0 1 1 0 11 12 1 0 11 0 1 1 1 1 1 0 0 0 1 1 1 11 1 1 41 41 41 60 57 60 57 60 57 60 57 60 57 60 57 60 57 60 57 60 57 60 57 60 57 60 57 60 57 60 57 60 57 60 57 60 57 60 57 60 57 60 57 60 57 60 57 60 57 60 57 60 57 60 57 60 57 60 57 60 57 15 15 15 15 15 15 15 15 60 57 60 57 60 57 60 57 60 57 60 57 60 57 60 57 60 57 60 57 60 57 60 57 60 57 60 57 60 57 60 57 60 57 60 57 60 57 60 57 60 57 60 57 60 57 60 57 60 57 60 57 60 57 60 57 60 57 60 57 60 57 60 57 60 57 60 57 60 57 60 57 60 57 60 57 60 57 60 57 60 57 60 57 60 57 60 57 60 57 60 57 60 57 60 57 60 57 60 57 60 57 60 57 60 57 60 57 60 57 60 57 60 57 60 57 60 57 60 57 
62 59 62 59 62 59 62 59 62 59 62 59 62 59 62 59 62 59 62 59 62 59 41 41 1 0 1 1 0 1 1 1 1 0 0 0 13 0 0 1 1 0 0 0 1 0 12 1 1 1 1 1 1 0 0 1 1 1 0 1 1 1 41 41 0 0 0 0 62 59 62 59 62 59 62 59 62 59 62 59 62 59 62 59 62 59 62 59 62 59 62 59 62 59 62 59 62 59 62 59 62 59 62 59 62 59 62 59 62 59 62 59 62 59 62 59 62 59 62 59 62 59 15 15 15 15 15 15 15 15 62 59 62 59 62 59 62 59 62 59 62 59 62 59 62 59 62 59 62 59 62 59 62 59 62 59 62 59 62 59 62 59 62 59 62 59 62 59 62 59 62 59 62 59 62 59 62 59 62 59 62 59 62 59 62 59 62 59 62 59 62 59 62 59 62 59 62 59 62 59 62 59 62 59 62 59 62 59 62 59 62 59 62 59 62 59 62 59 62 59 62 59 62 59 62 59 62 59 62 59 62 59 62 59 62 59 62 59 62 59 62 59 62 59 62 59 62 59 62 59 
61 58 61 58 61 58 61 58 61 58 61 58 61 58 61 58 61 58 61 58 61 58 41 41 1 0 13 0 0 1 1 1 1 11 11 1 1 11 1 0 1 1 1 1 1 1 1 1 1 1 1 1 1 1 0 1 1 1 1 1 1 1 41 41 41 41 0 0 61 58 61 58 61 58 61 58 61 58 61 58 61 58 61 58 61 58 61 58 61 58 61 58 61 58 61 58 61 58 61 58 61 58 61 58 61 58 61 58 61 58 61 58 61 58 61 58 61 58 61 58 61 58 15 15 15 15 15 15 15 15 61 58 61 58 61 58 61 58 61 58 61 58 61 58 61 58 61 58 61 58 61 58 61 58 61 58 61 58 61 58 61 58 61 58 61 58 61 58 61 58 61 58 61 58 61 58 61 58 61 58 61 58 61 58 61 58 61 58 61 58 61 58 61 58 61 58 61 58 61 58 61 58 61 58 61 58 61 58 61 58 61 58 61 58 61 58 61 58 61 58 61 58 61 58 61 58 61 58 61 58 61 58 61 58 61 58 61 58 61 58 61 58 61 58 61 58 61 58 61 58 
60 57 60 57 60 57 60 57 60 57 60 57 60 57 60 57 60 57 60 57 60 57 41 41 1 0 0 0 1 1 1 1 0 11 1 1 1 0 1 0 1 1 1 1 1 1 1 1 1 1 0 0 1 1 0 0 1 1 1 0 1 1 1 41 41 41 13 12 60 57 60 57 60 57 60 57 60 57 60 57 60 57 60 57 60 57 60 57 60 57 60 57 60 57 60 57 60 57 60 57 60 57 60 57 60 57 60 57 60 57 60 57 60 57 60 57 60 57 60 57 60 57 15 15 15 15 15 15 15 15 60 57 60 57 60 57 60 57 60 57 60 57 60 57 60 57 60 57 60 57 60 57 60 57 60 57 60 57 60 57 60 57 60 57 60 57 60 57 60 57 60 57 60 57 60 57 60 57 60 57 60 57 60 57 60 57 60 57 60 57 60 57 60 57 60 57 60 57 60 57 60 57 60 57 60 57 60 57 60 57 60 57 60 57 60 57 60 57 60 57 60 57 60 57 60 57 60 57 60 57 60 57 60 57 60 57 60 57 60 57 60 57 60 57 60 57 60 57 60 57 
62 59 62 59 62 59 62 59 62 59 62 59 62 59 62 59 62 59 62 59 62 59 41 41 1 1 1 1 1 1 1 1 1 1 1 1 1 0 1 0 1 1 1 1 1 1 1 1 11 0 13 0 1 1 1 1 0 1 1 0 0 1 1 1 1 1 1 1 1 0 62 59 62 59 62 59 62 59 62 59 62 59 62 59 62 59 62 59 62 59 62 59 62 59 62 59 62 59 62 59 62 59 62 59 62 59 62 59 62 59 62 59 62 59 62 59 62 59 62 59 62 59 15 15 15 15 15 15 15 15 62 59 62 59 62 59 62 59 62 59 62 59 62 59 62 59 62 59 62 59 62 59 62 59 62 59 62 59 62 59 62 59 62 59 62 59 62 59 62 59 62 59 62 59 62 59 62 59 62 59 62 59 62 59 62 59 62 59 62 59 62 59 62 59 62 59 62 59 62 59 62 59 62 59 62 59 62 59 62 59 62 59 62 59 62 59 62 59 62 59 62 59 62 59 62 59 62 59 62 59 62 59 62 59 62 59 62 59 62 59 62 59 62 59 62 59 62 59 62 59 
61 58 61 58 61 58 61 58 61 58 61 58 61 58 61 58 61 58 61 58 61 58 41 41 1 1 1 1 1 0 1 1 1 1 1 0 0 0 1 1 1 1 1 0 0 0 1 0 0 1 1 1 1 1 1 1 11 1 1 1 1 1 0 1 2 2 2 2 1 1 61 58 61 58 61 58 61 58 61 58 61 58 61 58 61 58 61 58 61 58 61 58 61 58 61 58 61 58 61 58 61 58 61 58 61 58 61 58 61 58 61 58 61 58 61 58 61 58 61 58 61 58 15 15 15 15 15 15 15 15 61 58 61 58 61 58 61 58 61 58 61 58 61 58 61 58 61 58 61 58 61 58 61 58 61 58 61 58 61 58 61 58 61 58 61 58 61 58 61 58 61 58 61 58 61 58 61 58 61 58 61 58 61 58 61 58 61 58 61 58 61 58 61 58 61 58 61 58 61 58 61 58 61 58 61 58 61 58 61 58 61 58 61 58 61 58 61 58 61 58 61 58 61 58 61 58 61 58 61 58 61 58 61 58 61 58 61 58 61 58 61 58 61 58 61 58 61 58 61 58 
60 57 60 57 60 57 60 57 60 57 60 57 60 57 60 57 60 57 60 57 60 57 41 41 12 0 1 1 12 11 0 1 1 0 0 0 12 1 1 1 1 1 0 11 11 12 0 1 1 1 1 1 0 1 1 1 1 1 1 1 1 1 1 1 1 1 2 2 1 1 60 57 60 57 60 57 60 57 60 57 60 57 60 57 60 57 60 57 60 57 60 57 60 57 60 57 60 57 60 57 60 57 60 57 60 57 60 57 60 57 60 57 60 57 60 57 60 57 60 57 60 57 15 15 15 15 15 15 15 15 60 57 60 57 60 57 60 57 60 57 60 57 60 57 60 57 60 57 60 57 60 57 60 57 60 57 60 57 60 57 60 57 60 57 60 57 60 57 60 57 60 57 60 57 60 57 60 57 60 57 60 57 60 57 60 57 60 57 60 57 60 57 60 57 60 57 60 57 60 57 60 57 60 57 60 57 60 57 60 57 60 57 60 57 60 57 60 57 60 57 60 57 60 57 60 57 60 57 60 57 60 57 60 57 60 57 60 57 60 57 60 57 60 57 60 57 60 57 60 57 
62 59 62 59 62 59 62 59 62 59 62 59 62 59 62 59 62 59 62 59 62 59 41 41 1 11 0 1 1 0 13 1 1 0 1 1 0 0 1 1 1 1 1 0 11 0 13 1 1 0 0 1 1 1 0 11 1 1 0 0 1 1 0 1 1 1 1 2 2 1 1 1 62 59 62 59 62 59 62 59 62 59 62 59 62 59 62 59 62 59 62 59 62 59 62 59 62 59 62 59 62 59 62 59 62 59 62 59 62 59 62 59 62 59 62 59 62 59 62 59 15 15 15 15 15 15 15 15 15 15 62 59 62 59 62 59 62 59 62 59 62 59 62 59 62 59 62 59 62 59 62 59 62 59 62 59 62 59 62 59 62 59 62 59 62 59 62 59 62 59 62 59 62 59 62 59 62 59 62 59 62 59 62 59 62 59 62 59 62 59 62 59 62 59 62 59 62 59 62 59 62 59 62 59 62 59 62 59 62 59 62 59 62 59 62 59 62 59 62 59 62 59 62 59 62 59 62 59 62 59 62 59 62 59 62 59 62 59 62 59 62 59 62 59 62 59 62 59 62 59 
61 58 61 58 61 58 61 58 61 58 61 58 61 58 61 58 61 58 61 58 61 58 41 41 1 11 12 1 1 1 1 1 1 1 0 0 11 0 0 0 1 1 1 1 1 1 1 1 1 1 1 0 1 1 0 0 1 1 0 1 1 11 41 41 41 41 1 1 2 2 2 1 61 58 61 58 61 58 61 58 61 58 61 58 61 58 61 58 61 58 61 58 61 58 61 58 61 58 61 58 61 58 61 58 61 58 61 58 61 58 61 58 61 58 61 58 61 58 61 58 15 15 15 15 15 15 15 15 15 15 61 58 61 58 61 58 61 58 61 58 61 58 61 58 61 58 61 58 61 58 61 58 61 58 61 58 61 58 61 58 61 58 61 58 61 58 61 58 61 58 61 58 61 58 61 58 61 58 61 58 61 58 61 58 61 58 61 58 61 58 61 58 61 58 61 58 61 58 61 58 61 58 61 58 61 58 61 58 61 58 61 58 61 58 61 58 61 58 61 58 61 58 61 58 61 58 61 58 61 58 61 58 61 58 61 58 61 58 61 58 61 58 61 58 61 58 61 58 61 58 
60 57 60 57 60 57 60 57 60 57 60 57 60 57 60 57 60 57 60 57 60 57 41 41 1 0 0 1 1 1 1 0 0 1 1 0 1 1 1 0 0 1 0 0 1 1 1 0 11 1 1 1 1 1 11 0 1 1 1 1 11 41 41 41 41 41 1 1 1 2 1 1 60 57 60 57 60 57 60 57 60 57 60 57 60 57 60 57 60 57 60 57 60 57 60 57 60 57 60 57 60 57 60 57 60 57 60 57 60 57 60 57 60 57 60 57 60 57 60 57 15 15 15 15 15 15 15 15 15 15 60 57 60 57 60 57 60 57 60 57 60 57 60 57 60 57 60 57 60 57 60 57 60 57 60 57 60 57 60 57 60 57 60 57 60 57 60 57 60 57 60 57 60 57 60 57 60 57 60 57 60 57 60 57 60 57 60 57 60 57 60 57 60 57 60 57 60 57 60 57 60 57 60 57 60 57 60 57 60 57 60 57 60 57 60 57 60 57 60 57 60 57 60 57 60 57 60 57 60 57 60 57 60 57 60 57 60 57 60 57 60 57 60 57 60 57 60 57 60 57 
62 59 62 59 62 59 62 59 62 59 62 59 62 59 62 59 62 59 62 59 62 59 41 41 1 1 1 1 1 1 0 0 11 1 1 1 1 1 1 1 1 1 0 0 0 1 1 0 0 0 0 1 1 1 1 1 1 1 1 1 41 41 41 12 62 59 12 1 1 2 2 1 62 59 62 59 62 59 62 59 62 59 62 59 62 59 62 59 62 59 62 59 62 59 62 59 62 59 62 59 62 59 62 59 62 59 62 59 62 59 62 59 62 59 62 59 62 59 62 59 15 15 15 15 15 15 15 15 15 15 62 59 62 59 62 59 62 59 62 59 62 59 62 59 62 59 62 59 62 59 62 59 62 59 62 59 62 59 62 59 62 59 62 59 62 59 62 59 62 59 62 59 62 59 62 59 62 59 62 59 62 59 62 59 62 59 62 59 62 59 62 59 62 59 62 59 62 59 62 59 62 59 62 59 62 59 62 59 62 59 62 59 62 59 62 59 62 59 62 59 62 59 62 59 62 59 62 59 62 59 62 59 62 59 62 59 62 59 62 59 62 59 62 59 62 59 62 59 62 59 
61 58 61 58 61 58 61 58 61 58 61 58 61 58 61 58 61 58 61 58 61 58 41 41 41 0 0 0 1 1 1 1 1 1 1 1 1 1 1 1 1 1 1 11 0 1 1 1 1 0 1 1 0 1 0 11 1 1 41 41 41 41 41 0 61 58 11 1 1 2 2 1 61 58 61 58 61 58 61 58 61 58 61 58 61 58 61 58 61 58 61 58 61 58 61 58 61 58 61 58 61 58 61 58 61 58 61 58 61 58 61 58 61 58 61 58 61 58 61 58 15 15 15 15 15 15 15 15 15 15 61 58 61 58 61 58 61 58 61 58 61 58 61 58 61 58 61 58 61 58 61 58 61 58 61 58 61 58 61 58 61 58 61 58 61 58 61 58 61 58 61 58 61 58 61 58 61 58 61 58 61 58 61 58 61 58 61 58 61 58 61 58 61 58 61 58 61 58 61 58 61 58 61 58 61 58 61 58 61 58 61 58 61 58 61 58 61 58 61 58 61 58 61 58 61 58 61 58 61 58 61 58 61 58 61 58 61 58 61 58 61 58 61 58 61 58 61 58 61 58 
60 57 60 57 60 57 60 57 60 57 60 57 60 57 60 57 60 57 60 57 60 57 41 41 41 41 41 41 41 41 41 41 41 41 41 41 41 41 41 41 41 41 41 41 41 41 41 41 41 41 41 41 41 41 41 41 41 41 41 41 41 41 41 0 60 57 12 1 2 2 1 1 60 57 60 57 60 57 60 57 60 57 60 57 60 57 60 57 60 57 60 57 60 57 60 57 60 57 60 57 60 57 60 57 60 57 60 57 60 57 60 57 60 57 60 57 60 57 60 57 15 15 15 15 15 15 15 15 15 15 60 57 60 57 60 57 60 57 60 57 60 57 60 57 60 57 60 57 60 57 60 57 60 57 60 57 60 57 60 57 60 57 60 57 60 57 60 57 60 57 60 57 60 57 60 57 60 57 60 57 60 57 60 57 60 57 60 57 60 57 60 57 60 57 60 57 60 57 60 57 60 57 60 57 60 57 60 57 60 57 60 57 60 57 60 57 60 57 60 57 60 57 60 57 60 57 60 57 60 57 60 57 60 57 60 57 60 57 60 57 60 57 60 57 60 57 60 57 60 57 
62 59 62 59 62 59 62 59 62 59 62 59 62 59 62 59 62 59 62 59 62 59 62 59 62 59 62 59 62 59 62 59 62 59 62 59 62 59 62 59 62 59 62 59 62 59 62 59 62 59 62 59 62 59 62 59 62 59 62 59 62 59 62 59 62 59 62 59 2 2 1 1 62 59 62 59 62 59 62 59 62 59 62 59 62 59 62 59 62 59 62 59 62 59 62 59 62 59 62 59 62 59 62 59 62 59 62 59 62 59 62 59 62 59 62 59 62 59 62 59 62 59 15 15 15 15 15 15 62 59 62 59 62 59 62 59 62 59 62 59 62 59 62 59 62 59 62 59 62 59 62 59 62 59 62 59 62 59 62 59 62 59 62 59 62 59 62 59 62 59 62 59 62 59 62 59 62 59 62 59 62 59 62 59 62 59 62 59 62 59 62 59 62 59 62 59 62 59 62 59 62 59 62 59 62 59 62 59 62 59 62 59 62 59 62 59 62 59 62 59 62 59 62 59 62 59 62 59 62 59 62 59 62 59 62 59 62 59 62 59 62 59 62 59 62 59 62 59 62 59 
61 58 61 58 61 58 61 58 61 58 61 58 61 58 61 58 61 58 61 58 61 58 61 58 61 58 61 58 61 58 61 58 61 58 61 58 61 58 61 58 61 58 61 58 61 58 61 58 61 58 61 58 61 58 61 58 61 58 61 58 61 58 61 58 61 58 61 58 1 2 2 1 61 58 61 58 61 58 61 58 61 58 61 58 61 58 61 58 61 58 61 58 61 58 61 58 61 58 61 58 61 58 61 58 61 58 61 58 61 58 61 58 61 58 61 58 61 58 61 58 61 58 15 15 15 15 15 15 61 58 61 58 61 58 61 58 61 58 61 58 61 58 61 58 61 58 61 58 61 58 61 58 61 58 61 58 61 58 61 58 61 58 61 58 61 58 61 58 61 58 61 58 61 58 61 58 61 58 61 58 61 58 61 58 61 58 61 58 61 58 61 58 61 58 61 58 61 58 61 58 61 58 61 58 61 58 61 58 61 58 61 58 61 58 61 58 61 58 61 58 61 58 61 58 61 58 61 58 61 58 61 58 61 58 61 58 61 58 61 58 61 58 61 58 61 58 61 58 61 58 
60 57 60 57 60 57 60 57 60 57 60 57 60 57 60 57 60 57 60 57 60 57 60 57 60 57 60 57 60 57 60 57 60 57 60 57 60 57 60 57 60 57 60 57 60 57 60 57 60 57 60 57 60 57 60 57 60 57 60 57 60 57 60 57 60 57 60 57 1 2 2 1 60 57 60 57 60 57 60 57 60 57 60 57 60 57 60 57 60 57 60 57 60 57 60 57 60 57 60 57 60 57 60 57 60 57 60 57 60 57 60 57 60 57 60 57 60 57 60 57 60 57 15 15 15 15 15 15 60 57 60 57 60 57 60 57 60 57 60 57 60 57 60 57 60 57 60 57 60 57 60 57 60 57 60 57 60 57 60 57 60 57 60 57 60 57 60 57 60 57 60 57 60 57 60 57 60 57 60 57 60 57 60 57 60 57 60 57 60 57 60 57 60 57 60 57 60 57 60 57 60 57 60 57 60 57 60 57 60 57 60 57 60 57 60 57 60 57 60 57 60 57 60 57 60 57 60 57 60 57 60 57 60 57 60 57 60 57 60 57 60 57 60 57 60 57 60 57 60 57 
62 59 62 59 62 59 62 59 62 59 62 59 62 59 62 59 62 59 62 59 62 59 62 59 62 59 62 59 62 59 62 59 62 59 62 59 62 59 62 59 62 59 62 59 62 59 62 59 62 59 62 59 62 59 62 59 62 59 62 59 62 59 62 59 62 59 62 59 1 2 2 1 62 59 62 59 62 59 62 59 62 59 62 59 62 59 62 59 62 59 62 59 62 59 62 59 62 59 62 59 62 59 62 59 62 59 62 59 62 59 62 59 62 59 62 59 62 59 62 59 62 59 15 15 15 15 15 15 62 59 62 59 62 59 62 59 62 59 62 59 62 59 62 59 62 59 62 59 62 59 62 59 62 59 62 59 62 59 62 59 62 59 62 59 62 59 62 59 62 59 62 59 62 59 62 59 62 59 62 59 62 59 62 59 62 59 62 59 62 59 62 59 62 59 62 59 62 59 62 59 62 59 62 59 62 59 62 59 62 59 62 59 62 59 62 59 62 59 62 59 62 59 62 59 62 59 62 59 62 59 62 59 62 59 62 59 62 59 62 59 62 59 62 59 62 59 62 59 62 59 
61 58 61 58 61 58 61 58 61 58 61 58 61 58 61 58 61 58 61 58 61 58 61 58 61 58 61 58 61 58 61 58 61 58 61 58 61 58 61 58 61 58 61 58 61 58 61 58 61 58 61 58 61 58 61 58 61 58 61 58 61 58 61 58 61 58 61 58 1 1 2 1 61 58 61 58 61 58 61 58 61 58 61 58 61 58 61 58 61 58 61 58 61 58 61 58 61 58 61 58 61 58 61 58 61 58 61 58 61 58 61 58 61 58 61 58 61 58 61 58 61 58 15 15 15 15 15 15 61 58 61 58 61 58 61 58 61 58 61 58 61 58 61 58 61 58 61 58 61 58 61 58 61 58 61 58 61 58 61 58 61 58 61 58 61 58 61 58 61 58 61 58 61 58 61 58 61 58 61 58 61 58 61 58 61 58 61 58 61 58 61 58 61 58 61 58 61 58 61 58 61 58 61 58 61 58 61 58 61 58 61 58 61 58 61 58 61 58 61 58 61 58 61 58 61 58 61 58 61 58 61 58 61 58 61 58 61 58 61 58 61 58 61 58 61 58 61 58 61 58 
60 57 60 57 60 57 60 57 60 57 60 57 60 57 60 57 60 57 60 57 60 57 60 57 60 57 60 57 60 57 60 57 60 57 60 57 60 57 60 57 60 57 60 57 60 57 60 57 60 57 60 57 60 57 60 57 60 57 60 57 60 57 60 57 60 57 60 57 1 2 2 1 60 57 60 57 60 57 60 57 60 57 60 57 60 57 60 57 60 57 60 57 60 57 60 57 60 57 60 57 60 57 60 57 60 57 60 57 60 57 60 57 60 57 60 57 60 57 60 57 60 57 15 15 15 15 15 15 60 57 60 57 60 57 60 57 60 57 60 57 60 57 60 57 60 57 60 57 60 57 60 57 60 57 60 57 60 57 60 57 60 57 60 57 60 57 60 57 60 57 60 57 60 57 60 57 60 57 60 57 60 57 60 57 60 57 60 57 60 57 60 57 60 57 60 57 60 57 60 57 60 57 60 57 60 57 60 57 60 57 60 57 60 57 60 57 60 57 60 57 60 57 60 57 60 57 60 57 60 57 60 57 60 57 60 57 60 57 60 57 60 57 60 57 60 57 60 57 60 57 
62 59 62 59 62 59 62 59 62 59 62 59 62 59 62 59 62 59 62 59 62 59 62 59 62 59 62 59 62 59 62 59 62 59 62 59 62 59 62 59 62 59 62 59 62 59 62 59 62 59 62 59 62 59 62 59 62 59 62 59 62 59 62 59 62 59 62 59 1 1 1 1 62 59 62 59 62 59 62 59 62 59 62 59 62 59 62 59 62 59 62 59 62 59 62 59 62 59 62 59 62 59 62 59 62 59 62 59 62 59 62 59 62 59 62 59 62 59 62 59 62 59 15 15 15 15 15 15 62 59 62 59 62 59 62 59 62 59 62 59 62 59 62 59 62 59 62 59 62 59 62 59 62 59 62 59 62 59 62 59 62 59 62 59 62 59 62 59 62 59 62 59 62 59 62 59 62 59 62 59 62 59 62 59 62 59 62 59 62 59 62 59 62 59 62 59 62 59 62 59 62 59 62 59 62 59 62 59 62 59 62 59 62 59 62 59 62 59 62 59 62 59 62 59 62 59 62 59 62 59 62 59 62 59 62 59 62 59 62 59 62 59 62 59 62 59 62 59 62 59 
61 58 61 58 61 58 61 58 61 58 61 58 61 58 61 58 61 58 61 58 61 58 61 58 61 58 61 58 61 58 61 58 61 58 61 58 61 58 61 58 61 58 61 58 61 58 61 58 61 58 61 58 61 58 61 58 61 58 61 58 61 58 61 58 61 58 61 58 1 2 1 1 61 58 61 58 61 58 61 58 61 58 61 58 61 58 61 58 61 58 61 58 61 58 61 58 61 58 61 58 61 58 61 58 61 58 61 58 61 58 61 58 61 58 61 58 61 58 61 58 61 58 15 15 15 15 15 15 61 58 61 58 61 58 61 58 61 58 61 58 61 58 61 58 61 58 61 58 61 58 61 58 61 58 61 58 61 58 61 58 61 58 61 58 61 58 61 58 61 58 61 58 61 58 61 58 61 58 61 58 61 58 61 58 61 58 61 58 61 58 61 58 61 58 61 58 61 58 61 58 61 58 61 58 61 58 61 58 61 58 61 58 61 58 61 58 61 58 61 58 61 58 61 58 61 58 61 58 61 58 61 58 61 58 61 58 61 58 61 58 61 58 61 58 61 58 61 58 61 58 
60 57 60 57 60 57 60 57 60 57 60 57 60 57 60 57 60 57 60 57 60 57 60 57 60 57 60 57 60 57 60 57 60 57 60 57 60 57 60 57 60 57 60 57 60 57 60 57 60 57 60 57 60 57 60 57 60 57 60 57 60 57 60 57 60 57 60 57 1 2 2 1 60 57 60 57 60 57 60 57 60 57 60 57 60 57 60 57 60 57 60 57 60 57 60 57 60 57 60 57 60 57 60 57 60 57 60 57 60 57 60 57 60 57 60 57 60 57 60 57 60 57 15 15 15 15 15 15 60 57 60 57 60 57 60 57 60 57 60 57 60 57 60 57 60 57 60 57 60 57 60 57 60 57 60 57 60 57 60 57 60 57 60 57 60 57 60 57 60 57 60 57 60 57 60 57 60 57 60 57 60 57 60 57 60 57 60 57 60 57 60 57 60 57 60 57 60 57 60 57 60 57 60 57 60 57 60 57 60 57 60 57 60 57 60 57 60 57 60 57 60 57 60 57 60 57 60 57 60 57 60 57 60 57 60 57 60 57 60 57 60 57 60 57 60 57 60 57 60 57 
62 59 62 59 62 59 62 59 62 59 62 59 62 59 62 59 62 59 62 59 62 59 62 59 62 59 62 59 62 59 62 59 62 59 62 59 62 59 62 59 62 59 62 59 62 59 62 59 62 59 62 59 62 59 62 59 62 59 62 59 62 59 62 59 62 59 62 59 1 1 2 1 62 59 62 59 62 59 62 59 62 59 62 59 62 59 62 59 62 59 62 59 62 59 62 59 62 59 62 59 62 59 62 59 62 59 62 59 62 59 62 59 62 59 62 59 62 59 62 59 62 59 15 15 15 15 15 15 62 59 62 59 0 0 0 0 0 0 0 0 0 0 62 59 62 59 62 59 62 59 62 59 62 59 62 59 62 59 62 59 62 59 62 59 62 59 62 59 62 59 62 59 62 59 62 59 62 59 62 59 62 59 62 59 62 59 62 59 62 59 62 59 62 59 62 59 62 59 62 59 62 59 62 59 62 59 62 59 62 59 62 59 62 59 62 59 62 59 62 59 62 59 62 59 62 59 62 59 62 59 62 59 62 59 62 59 62 59 62 59 62 59 62 59 62 59 62 59 62 59 
61 58 61 58 61 58 61 58 61 58 61 58 61 58 61 58 61 58 61 58 61 58 61 58 61 58 61 58 61 58 61 58 61 58 61 58 61 58 61 58 61 58 61 58 61 58 61 58 61 58 61 58 61 58 61 58 61 58 61 58 61 58 61 58 61 58 61 58 1 1 2 2 61 58 61 58 61 58 61 58 61 58 61 58 61 58 61 58 61 58 61 58 61 58 61 58 61 58 61 58 61 58 61 58 61 58 61 58 61 58 61 58 61 58 61 58 61 58 61 58 61 58 15 15 15 15 15 15 61 58 61 58 0 0 0 0 0 0 0 0 0 0 61 58 61 58 61 58 61 58 61 58 61 58 61 58 61 58 61 58 61 58 61 58 61 58 61 58 61 58 61 58 61 58 61 58 61 58 61 58 61 58 61 58 61 58 61 58 61 58 61 58 61 58 61 58 61 58 61 58 61 58 61 58 61 58 61 58 61 58 61 58 61 58 61 58 61 58 61 58 61 58 61 58 61 58 61 58 61 58 61 58 61 58 61 58 61 58 61 58 61 58 61 58 61 58 61 58 61 58 
60 57 60 57 60 57 60 57 60 57 60 57 60 57 60 57 60 57 60 57 60 57 60 57 60 57 60 57 60 57 60 57 60 57 60 57 60 57 60 57 60 57 60 57 60 57 60 57 60 57 60 57 60 57 60 57 60 57 60 57 60 57 60 57 60 57 60 57 1 2 1 2 60 57 60 57 60 57 60 57 60 57 60 57 60 57 60 57 60 57 60 57 60 57 60 57 60 57 60 57 60 57 60 57 60 57 60 57 60 57 60 57 60 57 60 57 60 57 60 57 60 57 15 15 15 15 15 15 60 57 60 57 41 41 41 41 41 41 41 41 41 0 60 57 60 57 60 57 60 57 60 57 60 57 60 57 60 57 60 57 60 57 60 57 60 57 60 57 60 57 60 57 60 57 60 57 60 57 60 57 60 57 60 57 60 57 60 57 60 57 60 57 60 57 60 57 60 57 60 57 60 57 60 57 60 57 60 57 60 57 60 57 60 57 60 57 60 57 60 57 60 57 60 57 60 57 60 57 60 57 60 57 60 57 60 57 60 57 60 57 60 57 60 57 60 57 60 57 60 57 
62 59 62 59 62 59 62 59 62 59 62 59 62 59 62 59 62 59 62 59 62 59 62 59 62 59 62 59 62 59 62 59 62 59 62 59 62 59 62 59 62 59 62 59 62 59 62 59 62 59 62 59 62 59 62 59 62 59 62 59 62 59 62 59 62 59 62 59 1 2 2 1 62 59 62 59 62 59 62 59 62 59 62 59 62 59 62 59 62 59 62 59 62 59 62 59 62 59 62 59 62 59 62 59 62 59 62 59 62 59 62 59 62 59 62 59 62 59 62 59 62 59 15 15 15 15 15 0 0 0 41 41 41 41 41 41 41 41 41 41 41 41 0 0 62 59 62 59 62 59 62 59 62 59 62 59 62 59 62 59 62 59 62 59 62 59 62 59 62 59 62 59 62 59 62 59 62 59 62 59 62 59 62 59 62 59 62 59 62 59 62 59 62 59 62 59 62 59 62 59 62 59 62 59 62 59 62 59 62 59 62 59 62 59 62 59 62 59 62 59 62 59 62 59 62 59 62 59 62 59 62 59 62 59 62 59 62 59 62 59 62 59 62 59 62 59 62 59 62 59 
61 58 61 58 61 58 61 58 61 58 61 58 61 58 61 58 61 58 61 58 61 58 61 58 61 58 61 58 61 58 61 58 61 58 61 58 61 58 61 58 61 58 61 58 61 58 61 58 61 58 61 58 61 58 61 58 61 58 61 58 61 58 61 58 61 58 61 58 1 1 2 1 61 58 61 58 61 58 61 58 61 58 61 58 61 58 61 58 61 58 61 58 61 58 61 58 61 58 61 58 61 58 61 58 61 58 61 58 61 58 61 58 61 58 61 58 61 58 61 58 61 58 15 15 15 15 15 12 14 0 41 41 42 42 0 1 1 0 0 41 41 41 41 0 61 58 61 58 61 58 61 58 61 58 61 58 61 58 61 58 61 58 61 58 61 58 61 58 61 58 61 58 61 58 61 58 61 58 61 58 61 58 61 58 61 58 61 58 61 58 61 58 61 58 61 58 61 58 61 58 61 58 61 58 61 58 61 58 61 58 61 58 61 58 61 58 61 58 61 58 61 58 61 58 61 58 61 58 61 58 61 58 61 58 61 58 61 58 61 58 61 58 61 58 61 58 61 58 61 58 
60 57 60 57 60 57 60 57 60 57 60 57 60 57 60 57 60 57 60 57 60 57 60 57 60 57 60 57 60 57 60 57 60 57 60 57 60 57 60 57 60 57 60 57 60 57 60 57 60 57 60 57 60 57 60 57 60 57 60 57 60 57 60 57 60 57 60 57 1 2 2 1 60 57 60 57 60 57 60 57 60 57 60 57 60 57 60 57 60 57 60 57 60 57 60 57 60 57 60 57 60 57 60 57 60 57 60 57 60 57 60 57 60 57 60 57 60 57 60 57 60 57 15 15 15 15 15 14 14 0 1 1 0 0 1 1 1 1 0 0 41 41 41 0 60 57 60 57 60 57 60 57 60 57 60 57 60 57 60 57 60 57 60 57 60 57 60 57 60 57 60 57 60 57 60 57 60 57 60 57 60 57 60 57 60 57 60 57 60 57 60 57 60 57 60 57 60 57 60 57 60 57 60 57 60 57 60 57 60 57 60 57 60 57 60 57 60 57 60 57 60 57 60 57 60 57 60 57 60 57 60 57 60 57 60 57 60 57 60 57 60 57 60 57 60 57 60 57 60 57 
62 59 62 59 62 59 62 59 62 59 62 59 62 59 62 59 62 59 62 59 62 59 62 59 62 59 62 59 62 59 62 59 62 59 62 59 62 59 62 59 62 59 62 59 62 59 62 59 62 59 62 59 62 59 62 59 62 59 62 59 62 59 62 59 62 59 62 59 1 2 1 1 62 59 62 59 62 59 62 59 62 59 62 59 62 59 62 59 62 59 62 59 62 59 62 59 62 59 62 59 62 59 62 59 62 59 62 59 62 59 0 1 1 1 1 1 1 1 1 1 9 24 28 28 28 28 28 28 29 4 2 0 13 1 1 2 2 1 1 1 1 41 41 0 62 59 62 59 62 59 62 59 62 59 62 59 62 59 62 59 62 59 62 59 62 59 62 59 62 59 62 59 62 59 62 59 62 59 62 59 62 59 62 59 62 59 62 59 62 59 62 59 62 59 62 59 62 59 62 59 62 59 62 59 62 59 62 59 62 59 62 59 62 59 62 59 62 59 62 59 62 59 62 59 62 59 62 59 62 59 62 59 62 59 62 59 62 59 62 59 62 59 62 59 62 59 62 59 62 59 
61 58 61 58 61 58 61 58 61 58 61 58 61 58 61 58 61 58 61 58 61 58 61 58 61 58 61 58 61 58 61 58 61 58 61 58 61 58 61 58 61 58 61 58 61 58 61 58 61 58 61 58 61 58 61 58 61 58 61 58 61 58 61 58 61 58 61 58 1 2 2 1 61 58 61 58 61 58 61 58 61 58 61 58 61 58 61 58 61 58 61 58 61 58 61 58 61 58 61 58 61 58 61 58 61 58 61 58 61 58 0 1 1 1 1 1 1 1 1 1 9 24 28 28 28 28 28 28 29 4 1 1 0 1 2 1 1 1 2 1 0 45 41 0 61 58 61 58 61 58 61 58 61 58 61 58 61 58 61 58 61 58 61 58 61 58 61 58 61 58 61 58 61 58 61 58 61 58 61 58 61 58 61 58 61 58 61 58 61 58 61 58 61 58 61 58 61 58 61 58 61 58 61 58 61 58 61 58 61 58 61 58 61 58 61 58 61 58 61 58 61 58 61 58 61 58 61 58 61 58 61 58 61 58 61 58 61 58 61 58 61 58 61 58 61 58 61 58 61 58 
60 57 60 57 60 57 60 57 60 57 60 57 60 57 60 57 60 57 60 57 60 57 60 57 60 57 60 57 60 57 60 57 60 57 60 57 60 57 60 57 60 57 60 57 60 57 60 57 60 57 60 57 60 57 60 57 60 57 60 57 60 57 60 57 60 57 60 57 1 2 1 1 60 57 60 57 60 57 60 57 60 57 60 57 60 57 60 57 60 57 60 57 60 57 60 57 60 57 60 57 60 57 60 57 60 57 60 57 60 57 1 1 1 1 1 1 1 1 1 1 0 0 15 15 15 15 15 15 12 0 41 41 1 1 2 2 1 49 1 1 2 45 41 0 60 57 60 57 60 57 60 57 60 57 60 57 60 57 60 57 60 57 60 57 60 57 60 57 60 57 60 57 60 57 60 57 60 57 60 57 60 57 60 57 60 57 60 57 60 57 60 57 60 57 60 57 60 57 60 57 60 57 60 57 60 57 60 57 60 57 60 57 60 57 60 57 60 57 60 57 60 57 60 57 60 57 60 57 60 57 60 57 60 57 60 57 60 57 60 57 60 57 60 57 60 57 60 57 60 57 
62 59 62 59 62 59 62 59 62 59 62 59 62 59 62 59 62 59 62 59 62 59 62 59 62 59 62 59 62 59 62 59 62 59 62 59 62 59 62 59 62 59 62 59 62 59 62 59 62 59 62 59 62 59 62 59 62 59 62 59 62 59 62 59 62 59 62 59 1 2 2 1 62 59 62 59 62 59 62 59 62 59 62 59 62 59 62 59 62 59 62 59 62 59 62 59 62 59 62 59 62 59 62 59 62 59 0 0 1 1 1 1 62 59 62 59 62 59 62 59 62 59 15 15 15 15 15 15 12 0 41 41 1 1 1 2 2 1 1 1 0 41 41 0 0 0 0 0 1 1 1 1 1 1 1 1 1 1 1 1 1 1 62 59 62 59 62 59 62 59 62 59 62 59 62 59 62 59 62 59 62 59 62 59 62 59 62 59 62 59 62 59 62 59 62 59 62 59 62 59 62 59 62 59 62 59 62 59 62 59 62 59 62 59 62 59 62 59 62 59 62 59 62 59 62 59 62 59 62 59 62 59 62 59 62 59 62 59 62 59 62 59 62 59 62 59 62 59 62 59 
61 58 61 58 61 58 61 58 61 58 61 58 61 58 61 58 61 58 61 58 61 58 61 58 61 58 61 58 61 58 61 58 61 58 61 58 61 58 61 58 61 58 61 58 61 58 61 58 61 58 61 58 61 58 61 58 61 58 61 58 61 58 61 58 61 58 61 58 1 1 2 1 61 58 61 58 61 58 61 58 61 58 61 58 61 58 61 58 61 58 61 58 61 58 61 58 61 58 61 58 61 58 61 58 61 58 0 1 1 1 1 0 61 58 61 58 61 58 61 58 61 58 15 15 15 15 15 15 0 0 0 41 41 41 0 2 1 1 1 2 1 41 41 0 1 0 0 1 1 1 1 1 1 1 1 2 1 1 1 1 1 1 61 58 61 58 61 58 61 58 61 58 61 58 61 58 61 58 61 58 61 58 61 58 61 58 61 58 61 58 61 58 61 58 61 58 61 58 61 58 61 58 61 58 61 58 61 58 61 58 61 58 61 58 61 58 61 58 61 58 61 58 61 58 61 58 61 58 61 58 61 58 61 58 61 58 61 58 61 58 61 58 61 58 61 58 61 58 61 58 
60 57 60 57 60 57 60 57 60 57 60 57 60 57 60 57 60 57 60 57 60 57 60 57 60 57 60 57 60 57 60 57 60 57 60 57 60 57 60 57 60 57 60 57 60 57 60 57 60 57 60 57 60 57 60 57 60 57 60 57 60 57 60 57 60 57 60 57 1 2 2 1 60 57 60 57 60 57 60 57 60 57 60 57 60 57 60 57 60 57 60 57 60 57 60 57 60 57 60 57 60 57 60 57 60 57 1 1 1 1 1 0 60 57 60 57 60 57 60 57 60 57 15 15 15 15 15 15 0 0 0 41 41 44 41 0 1 1 2 0 0 0 0 1 1 1 1 1 1 1 1 1 1 1 1 2 2 1 1 1 1 1 60 57 60 57 60 57 60 57 60 57 60 57 60 57 60 57 60 57 60 57 60 57 60 57 60 57 60 57 60 57 60 57 60 57 60 57 60 57 60 57 60 57 60 57 60 57 60 57 60 57 60 57 60 57 60 57 60 57 60 57 60 57 60 57 60 57 60 57 60 57 60 57 60 57 60 57 60 57 60 57 60 57 60 57 60 57 60 57 
62 59 62 59 62 59 62 59 62 59 62 59 62 59 62 59 62 59 62 59 62 59 62 59 62 59 62 59 62 59 62 59 62 59 62 59 62 59 62 59 62 59 62 59 62 59 62 59 62 59 62 59 62 59 62 59 62 59 62 59 62 59 1 0 0 1 0 0 0 2 1 1 1 1 1 1 1 1 1 11 11 11 62 59 62 59 62 59 62 59 62 59 62 59 62 59 62 59 62 59 62 59 62 59 62 1 1 1 1 1 62 59 62 59 62 59 62 59 62 59 62 59 15 15 15 15 15 15 62 59 62 59 41 41 41 41 41 1 1 0 2 2 2 2 2 1 2 1 2 2 1 2 2 2 2 2 2 2 2 2 1 1 1 1 62 59 62 59 62 59 62 59 62 59 62 59 0 0 1 1 1 1 1 0 62 59 62 59 62 59 62 59 62 59 62 59 62 59 62 59 62 59 62 59 62 59 62 59 62 59 62 59 62 59 62 59 62 59 62 59 62 59 62 59 62 59 62 59 62 59 62 59 62 59 62 59 62 59 62 59 62 59 62 59 62 59 62 59 62 59 
61 58 61 58 61 58 61 58 61 58 61 58 61 58 61 58 61 58 61 58 61 58 61 58 61 58 61 58 61 58 61 58 61 58 61 58 61 58 61 58 61 58 61 58 61 58 61 58 61 58 61 58 61 58 61 58 61 58 61 58 61 58 1 1 1 0 2 2 1 1 1 1 1 1 1 1 1 1 1 1 1 11 61 58 61 58 61 58 61 58 61 58 61 58 61 58 61 58 61 58 61 58 61 58 61 1 1 1 1 1 61 58 61 58 61 58 61 58 61 58 61 58 15 15 15 15 15 15 61 58 61 58 41 41 41 41 44 41 41 41 41 1 1 1 2 1 2 2 1 2 2 2 1 1 1 2 1 2 2 2 2 1 1 1 61 58 61 58 61 58 61 58 61 58 61 58 1 1 1 1 1 1 1 0 61 58 61 58 61 58 61 58 61 58 61 58 61 58 61 58 61 58 61 58 61 58 61 58 61 58 61 58 61 58 61 58 61 58 61 58 61 58 61 58 61 58 61 58 61 58 61 58 61 58 61 58 61 58 61 58 61 58 61 58 61 58 61 58 61 58 
60 57 60 57 60 57 60 57 60 57 60 57 60 57 60 57 60 57 60 57 60 57 60 57 60 57 60 57 60 57 60 57 60 57 60 57 60 57 60 57 60 57 60 57 60 57 60 57 60 57 60 57 60 57 60 57 60 57 60 57 60 57 1 1 1 1 0 2 0 1 1 2 2 1 0 1 1 1 1 1 1 0 60 57 60 57 60 57 60 57 60 57 60 57 60 57 60 57 60 57 60 57 60 1 1 1 1 1 1 1 60 57 60 57 60 57 60 57 60 57 60 57 15 15 15 15 15 15 60 57 60 57 0 0 41 41 41 41 41 41 41 1 1 1 1 1 1 1 1 1 1 1 1 1 1 2 2 2 1 2 2 2 1 1 60 57 60 57 60 57 60 57 60 57 60 57 1 1 1 1 1 1 1 1 60 57 60 57 60 57 60 57 60 57 60 57 60 57 60 57 60 57 60 57 60 57 60 57 60 57 60 57 60 57 60 57 60 57 60 57 60 57 60 57 60 57 60 57 60 57 60 57 60 57 60 57 60 57 60 57 60 57 60 57 60 57 60 57 60 57 
62 59 62 59 62 59 62 59 62 59 62 59 62 59 62 59 62 59 62 59 62 59 62 59 62 59 62 59 62 59 62 59 62 59 62 59 62 59 62 59 62 59 62 59 62 59 62 59 62 59 62 59 62 59 62 59 62 59 62 59 1 1 0 0 1 0 2 2 0 1 2 2 1 2 1 11 0 0 0 1 1 13 0 0 11 11 0 0 0 0 1 0 0 0 0 0 0 0 0 11 11 1 1 1 1 1 62 59 62 59 62 59 62 59 62 59 62 59 62 59 62 59 15 15 15 15 62 59 62 59 62 59 62 59 62 59 62 59 62 59 62 59 62 59 62 59 62 59 62 59 62 59 62 59 62 59 2 2 2 1 2 2 1 1 0 0 0 0 0 0 0 0 0 1 1 1 1 1 1 1 1 1 1 1 1 0 62 59 62 59 62 59 62 59 62 59 62 59 62 59 62 59 62 59 62 59 62 59 62 59 62 59 62 59 62 59 62 59 62 59 62 59 62 59 62 59 62 59 62 59 62 59 62 59 62 59 62 59 62 59 62 59 62 59 62 59 62 59 62 59 
61 58 61 58 61 58 61 58 61 58 61 58 61 58 61 58 61 58 61 58 61 58 61 58 61 58 61 58 61 58 61 58 61 58 61 58 61 58 61 58 61 58 61 58 61 58 61 58 61 58 61 58 61 58 61 58 61 58 61 58 1 1 1 1 1 2 0 1 2 1 1 0 1 2 0 1 2 2 1 1 0 1 1 1 1 12 1 1 1 1 1 1 1 1 1 1 11 11 1 1 1 1 1 1 1 0 61 58 61 58 61 58 61 58 61 58 61 58 61 58 61 58 15 15 15 15 61 58 61 58 61 58 61 58 61 58 61 58 61 58 61 58 61 58 61 58 61 58 61 58 61 58 61 58 61 58 1 1 1 1 1 1 1 1 0 1 1 1 1 1 1 1 1 1 1 1 1 1 1 1 1 1 1 1 1 0 61 58 61 58 61 58 61 58 61 58 61 58 61 58 61 58 61 58 61 58 61 58 61 58 61 58 61 58 61 58 61 58 61 58 61 58 61 58 61 58 61 58 61 58 61 58 61 58 61 58 61 58 61 58 61 58 61 58 61 58 61 58 61 58 
60 57 60 57 60 57 60 57 60 57 60 57 60 57 60 57 60 57 60 57 60 57 60 57 60 57 60 57 60 57 60 57 60 57 60 57 60 57 60 57 60 57 60 57 60 57 60 57 60 57 60 57 60 57 60 57 60 57 60 57 1 2 0 2 0 2 2 1 1 1 1 1 1 1 0 2 0 12 0 2 1 0 1 1 1 1 0 1 1 0 1 1 1 1 1 1 1 1 1 1 1 1 1 1 1 0 60 57 60 57 60 57 60 57 60 57 60 57 60 57 60 57 15 15 15 15 60 57 60 57 60 57 60 57 60 57 60 57 60 57 60 57 60 57 60 57 60 57 60 57 60 57 60 57 60 57 1 1 1 1 1 1 1 1 1 1 1 1 1 1 1 1 1 1 1 1 1 1 1 1 1 1 1 1 1 0 60 57 60 57 60 57 60 57 60 57 60 57 60 57 60 57 60 57 60 57 60 57 60 57 60 57 60 57 60 57 60 57 60 57 60 57 60 57 60 57 60 57 60 57 60 57 60 57 60 57 60 57 60 57 60 57 60 57 60 57 60 57 60 57 
62 59 62 59 62 59 62 59 62 59 62 59 62 59 62 59 62 59 62 59 62 59 62 59 62 59 62 59 62 59 62 59 62 59 62 59 62 59 62 59 62 59 62 59 62 59 62 59 62 59 62 59 62 59 62 59 62 59 1 1 1 2 2 0 62 59 62 59 62 59 62 59 1 1 0 1 2 0 2 1 1 1 2 2 2 1 1 1 1 1 1 1 1 1 0 1 1 1 1 1 1 0 1 1 0 0 0 0 62 59 62 59 62 59 62 59 62 59 62 59 62 59 15 15 15 15 62 59 62 59 62 59 62 59 62 59 62 59 62 59 62 59 62 59 62 59 62 59 62 59 62 59 62 59 62 59 62 59 62 59 1 1 1 1 1 0 0 0 0 1 1 0 0 1 1 1 1 1 1 1 1 1 1 1 1 0 62 59 62 59 62 59 62 59 62 59 62 59 62 59 62 59 62 59 62 59 62 59 62 59 62 59 62 59 62 59 62 59 62 59 62 59 62 59 62 59 62 59 62 59 62 59 62 59 62 59 62 59 62 59 62 59 62 59 62 59 62 59 62 59 
61 58 61 58 61 58 61 58 61 58 61 58 61 58 61 58 61 58 61 58 61 58 61 58 61 58 61 58 61 58 61 58 61 58 61 58 61 58 61 58 61 58 61 58 61 58 61 58 61 58 61 58 61 58 61 58 61 58 1 1 1 2 2 0 61 58 61 58 61 58 61 58 0 1 0 0 1 1 2 1 0 1 2 1 1 0 1 1 1 1 1 1 1 1 0 0 0 1 1 0 1 1 1 1 1 0 1 0 61 58 61 58 61 58 61 58 61 58 61 58 61 58 15 15 15 15 61 58 61 58 61 58 61 58 61 58 61 58 61 58 61 58 61 58 61 58 61 58 61 58 61 58 61 58 61 58 61 58 61 58 1 1 1 1 0 0 1 1 1 0 0 0 1 1 1 1 1 1 1 1 1 1 1 1 1 0 61 58 61 58 61 58 61 58 61 58 61 58 61 58 61 58 61 58 61 58 61 58 61 58 61 58 61 58 61 58 61 58 61 58 61 58 61 58 61 58 61 58 61 58 61 58 61 58 61 58 61 58 61 58 61 58 61 58 61 58 61 58 61 58 
60 57 60 57 60 57 60 57 60 57 60 57 60 57 60 57 60 57 60 57 60 57 60 57 60 57 60 57 60 57 60 57 60 57 60 57 60 57 60 57 60 57 60 57 60 57 60 57 60 57 60 57 60 57 60 57 60 57 1 1 1 2 2 0 60 57 60 57 60 57 60 57 11 11 1 12 0 1 2 13 1 2 0 1 1 12 1 1 1 0 0 1 1 1 1 1 0 1 1 1 1 1 1 1 1 1 1 1 60 57 60 57 60 57 60 57 60 57 60 57 60 57 15 15 15 15 60 57 60 57 60 57 60 57 60 57 60 57 60 57 60 57 60 57 60 57 60 57 60 57 60 57 60 57 60 57 60 57 60 57 1 1 1 1 0 1 0 1 1 1 1 1 1 1 1 1 1 1 1 1 1 1 1 1 1 0 60 57 60 57 60 57 60 57 60 57 60 57 60 57 60 57 60 57 60 57 60 57 60 57 60 57 60 57 60 57 60 57 60 57 60 57 60 57 60 57 60 57 60 57 60 57 60 57 60 57 60 57 60 57 60 57 60 57 60 57 60 57 60 57 
62 59 62 59 62 59 62 59 62 59 62 59 62 59 62 59 62 59 62 59 62 59 62 59 62 59 62 59 62 59 62 59 62 59 62 59 62 59 62 59 62 59 62 59 62 59 62 59 62 59 62 59 62 59 62 59 62 59 1 1 1 2 1 1 62 59 62 59 62 59 62 59 62 59 11 1 1 2 2 2 1 1 1 1 62 59 62 59 62 59 62 59 62 59 62 59 62 59 62 1 1 1 1 0 1 1 1 1 62 59 62 59 62 59 62 59 62 59 62 59 15 15 15 15 15 15 15 15 62 59 62 59 62 59 62 59 62 59 62 59 62 59 62 59 62 59 62 59 62 59 62 59 62 59 62 59 62 59 62 59 1 1 1 1 0 0 62 59 62 59 62 59 62 59 0 1 1 1 1 1 1 1 1 1 62 59 62 59 62 59 62 59 62 59 62 59 62 59 62 59 62 59 62 59 62 59 62 59 62 59 62 59 62 59 62 59 62 59 62 59 62 59 62 59 62 59 62 59 62 59 62 59 62 59 62 59 62 59 62 59 62 59 62 59 62 59 62 59 62 59 
61 58 61 58 61 58 61 58 61 58 61 58 61 58 61 58 61 58 61 58 61 58 61 58 61 58 61 58 61 58 61 58 61 58 61 58 61 58 61 58 61 58 61 58 61 58 61 58 61 58 61 58 61 58 61 58 61 58 1 1 2 1 1 1 61 58 61 58 61 58 61 58 61 58 1 1 1 2 0 2 1 1 1 0 61 58 61 58 61 58 61 58 61 58 61 58 61 58 61 58 0 1 0 1 1 1 1 0 61 58 61 58 61 58 61 58 61 58 61 58 15 15 15 15 15 15 15 15 61 58 61 58 61 58 61 58 61 58 61 58 61 58 61 58 61 58 61 58 61 58 61 58 61 58 61 58 61 58 61 58 1 1 1 1 1 1 61 58 61 58 61 58 61 58 0 1 1 1 1 1 1 1 1 1 61 58 61 58 61 58 61 58 61 58 61 58 61 58 61 58 61 58 61 58 61 58 61 58 61 58 61 58 61 58 61 58 61 58 61 58 61 58 61 58 61 58 61 58 61 58 61 58 61 58 61 58 61 58 61 58 61 58 61 58 61 58 61 58 61 58 
60 57 60 57 60 57 60 57 60 57 60 57 60 57 60 57 60 57 60 57 60 57 60 57 60 57 60 57 60 57 60 57 60 57 60 57 60 57 60 57 60 57 60 57 60 57 60 57 60 57 60 57 60 57 60 57 60 57 1 1 1 1 1 1 60 57 60 57 60 57 60 57 60 57 11 11 1 1 2 0 1 0 1 11 60 57 60 57 60 57 60 57 60 57 60 57 60 57 60 57 0 1 1 1 1 1 0 0 60 57 60 57 60 57 60 57 60 57 60 57 15 15 15 15 15 15 15 15 60 57 60 57 60 57 60 57 60 57 60 57 60 57 60 57 60 57 60 57 60 57 60 57 60 57 60 57 60 57 60 57 1 1 1 0 0 1 60 57 60 57 60 57 60 57 0 1 1 0 0 0 0 0 0 0 60 57 60 57 60 57 60 57 60 57 60 57 60 57 60 57 60 57 60 57 60 57 60 57 60 57 60 57 60 57 60 57 60 57 60 57 60 57 60 57 60 57 60 57 60 57 60 57 60 57 60 57 60 57 60 57 60 57 60 57 60 57 60 57 60 57 
62 59 62 59 62 59 62 59 62 59 62 59 62 59 62 59 62 59 62 59 62 59 62 59 62 59 62 59 62 59 62 59 62 59 62 59 62 59 62 59 62 59 62 59 62 59 62 59 62 59 62 59 62 59 62 59 62 59 62 59 1 1 1 1 62 59 62 59 62 59 62 59 62 59 62 59 1 1 1 1 1 1 62 59 62 59 62 59 62 59 62 59 62 59 62 59 62 59 62 59 62 59 1 1 62 59 62 59 62 59 62 59 62 59 62 59 62 59 15 15 15 15 15 15 15 15 15 15 15 15 62 59 62 59 62 59 62 59 62 59 62 59 62 59 62 59 62 59 62 59 62 59 62 59 62 59 62 59 0 1 1 1 1 1 1 1 62 59 62 59 62 59 62 59 62 59 62 59 62 59 62 59 62 59 62 59 62 59 62 59 62 59 62 59 62 59 62 59 62 59 62 59 62 59 62 59 62 59 62 59 62 59 62 59 62 59 62 59 62 59 62 59 62 59 62 59 62 59 62 59 62 59 62 59 62 59 62 59 62 59 62 59 62 59 62 59 62 59 62 59 
61 58 61 58 61 58 61 58 61 58 61 58 61 58 61 58 61 58 61 58 61 58 61 58 61 58 61 58 61 58 61 58 61 58 61 58 61 58 61 58 61 58 61 58 61 58 61 58 61 58 61 58 61 58 61 58 61 58 61 58 1 1 1 1 61 58 61 58 61 58 61 58 61 58 61 58 2 2 1 1 1 2 61 58 61 58 61 58 61 58 61 58 61 58 61 58 61 58 61 58 61 58 61 58 61 58 61 58 61 58 61 58 61 58 61 58 61 58 15 15 15 15 15 15 15 15 15 15 15 15 61 58 61 58 61 58 61 58 61 58 61 58 61 58 61 58 61 58 61 58 61 58 61 58 61 58 61 58 0 1 1 0 1 1 1 1 61 58 61 58 61 58 61 58 61 58 61 58 61 58 61 58 61 58 61 58 61 58 61 58 61 58 61 58 61 58 61 58 61 58 61 58 61 58 61 58 61 58 61 58 61 58 61 58 61 58 61 58 61 58 61 58 61 58 61 58 61 58 61 58 61 58 61 58 61 58 61 58 61 58 61 58 61 58 61 58 61 58 61 58 
60 57 60 57 60 57 60 57 60 57 60 57 60 57 60 57 60 57 60 57 60 57 60 57 60 57 60 57 60 57 60 57 60 57 60 57 60 57 60 57 60 57 60 57 60 57 60 57 60 57 60 57 60 57 60 57 60 57 60 57 1 1 1 1 60 57 60 57 60 57 60 57 60 57 60 57 1 2 1 1 1 1 60 57 60 57 60 57 60 57 60 57 60 57 60 57 60 57 60 57 60 57 60 57 60 57 60 57 60 57 60 57 60 57 60 57 60 57 15 15 15 15 15 15 15 15 15 15 15 15 60 57 60 57 60 57 60 57 60 57 60 57 60 57 60 57 60 57 60 57 60 57 60 57 60 57 60 57 1 1 1 1 1 1 1 1 60 57 60 57 60 57 60 57 60 57 60 57 60 57 60 57 60 57 60 57 60 57 60 57 60 57 60 57 60 57 60 57 60 57 60 57 60 57 60 57 60 57 60 57 60 57 60 57 60 57 60 57 60 57 60 57 60 57 60 57 60 57 60 57 60 57 60 57 60 57 60 57 60 57 60 57 60 57 60 57 60 57 60 57 
62 59 62 59 62 59 62 59 62 59 62 59 62 59 62 59 62 59 62 59 62 59 62 59 62 59 62 59 62 59 62 59 62 59 62 59 62 59 62 59 62 59 62 59 62 59 62 59 62 59 62 59 62 59 62 59 62 59 62 59 62 59 62 59 62 59 62 59 62 59 62 59 62 59 62 59 1 2 1 2 1 2 1 1 11 11 62 59 62 59 62 59 62 59 62 59 62 59 62 59 62 59 62 59 62 59 62 59 62 59 62 59 62 59 15 15 15 15 15 15 15 15 15 15 15 15 15 15 15 15 15 15 15 15 62 59 62 59 62 59 62 59 62 59 62 59 62 59 62 59 62 59 62 59 0 0 1 1 1 1 1 1 62 59 62 59 62 59 62 59 62 59 62 59 62 59 62 59 62 59 62 59 62 59 62 59 62 59 62 59 62 59 62 59 62 59 62 59 62 59 62 59 62 59 62 59 62 59 62 59 62 59 62 59 62 59 62 59 62 59 62 59 62 59 62 59 62 59 62 59 62 59 62 59 62 59 62 59 62 59 62 59 62 59 62 59 62 59 62 59 
61 58 61 58 61 58 61 58 61 58 61 58 61 58 61 58 61 58 61 58 61 58 61 58 61 58 61 58 61 58 61 58 61 58 61 58 61 58 61 58 61 58 61 58 61 58 61 58 61 58 61 58 61 58 61 58 61 58 61 58 61 58 61 58 61 58 61 58 61 58 61 58 61 58 61 58 1 1 2 1 2 2 1 1 1 1 61 58 61 58 61 58 61 58 61 58 61 58 61 58 61 58 61 58 61 58 61 58 61 58 61 58 61 58 15 15 15 15 15 15 15 15 15 15 15 15 15 15 15 15 15 15 15 15 61 58 61 58 61 58 61 58 61 58 61 58 61 58 61 58 61 58 61 58 0 0 1 1 1 0 1 1 61 58 61 58 61 58 61 58 61 58 61 58 61 58 61 58 61 58 61 58 61 58 61 58 61 58 61 58 61 58 61 58 61 58 61 58 61 58 61 58 61 58 61 58 61 58 61 58 61 58 61 58 61 58 61 58 61 58 61 58 61 58 61 58 61 58 61 58 61 58 61 58 61 58 61 58 61 58 61 58 61 58 61 58 61 58 61 58 
60 57 60 57 60 57 60 57 60 57 60 57 60 57 60 57 60 57 60 57 60 57 60 57 60 57 60 57 60 57 60 57 60 57 60 57 60 57 60 57 60 57 60 57 60 57 60 57 60 57 60 57 60 57 60 57 60 57 60 57 60 57 60 57 60 57 60 57 60 57 60 57 60 57 60 57 1 1 2 1 1 2 1 1 1 1 60 57 60 57 60 57 60 57 60 57 60 57 60 57 60 57 60 57 60 57 60 57 60 57 60 57 60 57 15 15 15 15 15 15 15 15 15 15 15 15 15 15 15 15 15 15 15 15 60 57 60 57 60 57 60 57 60 57 60 57 60 57 60 57 60 57 60 57 1 1 1 1 1 1 1 1 60 57 60 57 60 57 60 57 60 57 60 57 60 57 60 57 60 57 60 57 60 57 60 57 60 57 60 57 60 57 60 57 60 57 60 57 60 57 60 57 60 57 60 57 60 57 60 57 60 57 60 57 60 57 60 57 60 57 60 57 60 57 60 57 60 57 60 57 60 57 60 57 60 57 60 57 60 57 60 57 60 57 60 57 60 57 60 57 
62 59 62 59 62 59 62 59 62 59 62 59 62 59 62 59 62 59 62 59 62 59 62 59 62 59 62 59 62 59 62 59 62 59 62 59 62 59 62 59 62 59 62 59 62 59 62 59 62 59 62 59 62 59 62 59 62 59 62 59 62 59 62 59 62 59 62 59 62 59 62 59 62 59 1 1 1 1 2 2 1 1 1 1 1 1 1 1 1 1 62 59 62 59 62 59 62 59 62 59 62 59 62 59 62 59 62 59 15 59 15 15 15 15 15 15 15 15 15 15 15 15 15 15 15 15 15 15 15 15 15 15 15 15 15 15 62 59 62 59 62 59 62 59 62 59 0 0 1 1 1 1 1 1 1 1 1 1 1 1 62 59 62 59 62 59 62 59 62 59 62 59 62 59 62 59 62 59 62 59 62 59 62 59 62 59 62 59 62 59 62 59 62 59 62 59 62 59 62 59 62 59 62 59 62 59 62 59 62 59 62 59 62 59 62 59 62 59 62 59 62 59 62 59 62 59 62 59 62 59 62 59 62 59 62 59 62 59 62 59 62 59 62 59 62 59 62 59 62 59 
61 58 61 58 61 58 61 58 61 58 61 58 61 58 61 58 61 58 61 58 61 58 61 58 61 58 61 58 61 58 61 58 61 58 61 58 61 58 61 58 61 58 61 58 61 58 61 58 61 58 61 58 61 58 61 58 61 58 61 58 61 58 61 58 61 58 61 58 61 58 61 58 61 58 1 1 1 1 2 2 1 1 1 1 1 1 1 1 1 1 61 58 61 58 61 58 61 58 61 58 61 58 61 58 61 58 61 58 15 15 15 15 15 15 15 15 15 15 15 15 15 15 15 15 15 15 15 15 15 15 15 15 15 15 15 15 61 58 61 58 61 58 61 58 61 58 0 1 1 1 1 1 1 1 1 1 1 1 0 0 61 58 61 58 61 58 61 58 61 58 61 58 61 58 61 58 61 58 61 58 61 58 61 58 61 58 61 58 61 58 61 58 61 58 61 58 61 58 61 58 61 58 61 58 61 58 61 58 61 58 61 58 61 58 61 58 61 58 61 58 61 58 61 58 61 58 61 58 61 58 61 58 61 58 61 58 61 58 61 58 61 58 61 58 61 58 61 58 61 58 
60 57 60 57 60 57 60 57 60 57 60 57 60 57 60 57 60 57 60 57 60 57 60 57 60 57 60 57 60 57 60 57 60 57 60 57 60 57 60 57 60 57 60 57 60 57 60 57 60 57 60 57 60 57 60 57 60 57 60 57 60 57 60 57 60 57 60 57 60 57 60 57 60 57 1 1 1 2 2 1 1 1 1 1 1 1 1 1 1 1 60 57 60 57 60 57 60 57 60 57 60 57 60 57 60 57 60 57 15 15 15 15 15 15 15 15 15 15 15 15 15 15 15 15 15 15 15 15 15 15 15 15 15 15 15 15 60 57 60 57 60 57 60 57 60 57 1 1 1 1 1 1 1 1 1 0 0 0 0 0 60 57 60 57 60 57 60 57 60 57 60 57 60 57 60 57 60 57 60 57 60 57 60 57 60 57 60 57 60 57 60 57 60 57 60 57 60 57 60 57 60 57 60 57 60 57 60 57 60 57 60 57 60 57 60 57 60 57 60 57 60 57 60 57 60 57 60 57 60 57 60 57 60 57 60 57 60 57 60 57 60 57 60 57 60 57 60 57 60 57 
62 59 62 59 62 59 62 59 62 59 62 59 62 59 62 59 62 59 62 59 62 59 62 59 62 59 62 59 62 59 62 59 62 59 62 59 62 59 62 59 62 59 62 59 62 59 62 59 62 59 62 59 62 59 62 59 62 59 62 59 62 59 62 59 62 59 62 59 62 59 62 59 62 59 1 1 1 2 2 1 1 1 62 59 62 59 62 59 1 1 1 1 1 1 1 1 1 1 1 1 1 1 1 1 0 0 0 0 15 15 15 15 15 15 15 15 0 0 62 59 62 59 62 59 62 59 62 59 62 59 15 15 15 15 15 15 15 15 15 15 62 59 62 59 62 59 1 1 1 1 1 1 1 1 1 0 62 59 62 59 62 59 62 59 62 59 62 59 62 59 62 59 62 59 62 59 62 59 62 59 62 59 62 59 62 59 62 59 62 59 62 59 62 59 62 59 62 59 62 59 62 59 62 59 62 59 62 59 62 59 62 59 62 59 62 59 62 59 62 59 62 59 62 59 62 59 62 59 62 59 62 59 62 59 62 59 62 59 62 59 62 59 62 59 62 59 62 59 62 59 
61 58 61 58 61 58 61 58 61 58 61 58 61 58 61 58 61 58 61 58 61 58 61 58 61 58 61 58 61 58 61 58 61 58 61 58 61 58 61 58 61 58 61 58 61 58 61 58 61 58 61 58 61 58 61 58 61 58 61 58 61 58 61 58 61 58 61 58 61 58 61 58 61 58 1 1 1 1 1 1 1 1 61 58 61 58 61 58 1 1 1 1 1 1 1 1 1 1 1 1 1 1 1 1 24 28 28 28 28 28 28 28 28 28 29 1 1 1 61 58 61 58 61 58 61 58 61 58 61 58 0 15 15 15 15 15 15 15 15 15 61 58 61 58 61 58 1 1 1 1 1 1 1 1 1 0 61 58 61 58 61 58 61 58 61 58 61 58 61 58 61 58 61 58 61 58 61 58 61 58 61 58 61 58 61 58 61 58 61 58 61 58 61 58 61 58 61 58 61 58 61 58 61 58 61 58 61 58 61 58 61 58 61 58 61 58 61 58 61 58 61 58 61 58 61 58 61 58 61 58 61 58 61 58 61 58 61 58 61 58 61 58 61 58 61 58 61 58 61 58 
60 57 60 57 60 57 60 57 60 57 60 57 60 57 60 57 60 57 60 57 60 57 60 57 60 57 60 57 60 57 60 57 60 57 60 57 60 57 60 57 60 57 60 57 60 57 60 57 60 57 60 57 60 57 60 57 60 57 60 57 60 57 60 57 60 57 60 57 60 57 60 57 60 57 1 1 1 2 2 1 1 1 60 57 60 57 60 57 1 1 1 1 1 1 1 1 1 1 1 1 1 1 1 1 24 28 28 28 28 28 28 28 28 28 29 1 1 1 60 57 60 57 60 57 60 57 60 57 60 57 0 0 15 15 15 15 15 15 15 15 60 57 60 57 60 57 1 1 1 1 1 1 1 1 1 1 60 57 60 57 60 57 60 57 60 57 60 57 60 57 60 57 60 57 60 57 60 57 60 57 60 57 60 57 60 57 60 57 60 57 60 57 60 57 60 57 60 57 60 57 60 57 60 57 60 57 60 57 60 57 60 57 60 57 60 57 60 57 60 57 60 57 60 57 60 57 60 57 60 57 60 57 60 57 60 57 60 57 60 57 60 57 60 57 60 57 60 57 60 57 
62 59 62 59 62 59 62 59 62 59 62 59 62 59 62 59 62 59 62 59 62 59 62 59 62 59 62 59 62 59 62 59 62 59 62 59 62 59 62 59 62 59 62 59 62 59 62 59 62 59 62 59 62 59 62 59 62 59 62 59 62 59 62 59 62 59 62 59 62 59 62 59 62 59 1 1 1 2 1 2 1 1 62 59 62 59 62 59 62 59 62 59 1 1 1 1 1 1 1 1 1 1 1 0 0 15 15 15 15 15 15 15 62 59 62 59 1 1 1 1 1 0 0 0 0 0 0 0 0 0 0 0 0 15 15 15 15 15 15 15 0 1 1 1 1 1 1 1 1 1 1 1 1 1 1 1 62 59 62 59 62 59 62 59 62 59 62 59 62 59 62 59 62 59 62 59 62 59 62 59 62 59 62 59 62 59 62 59 62 59 62 59 62 59 62 59 62 59 62 59 62 59 62 59 62 59 62 59 62 59 62 59 62 59 62 59 62 59 62 59 62 59 62 59 62 59 62 59 62 59 62 59 62 59 62 59 62 59 62 59 62 59 62 59 62 59 62 59 62 59 
61 58 61 58 61 58 61 58 61 58 61 58 61 58 61 58 61 58 61 58 61 58 61 58 61 58 61 58 61 58 61 58 61 58 61 58 61 58 61 58 61 58 61 58 61 58 61 58 61 58 61 58 61 58 61 58 61 58 61 58 61 58 61 58 61 58 61 58 61 58 61 58 61 58 1 1 1 2 2 1 1 1 61 58 61 58 61 58 61 58 61 58 0 0 1 1 1 1 1 1 0 0 15 15 15 15 15 15 15 15 15 15 61 58 61 58 1 1 1 1 1 1 1 1 1 1 1 1 1 1 1 1 1 1 24 28 28 28 28 28 29 1 1 1 1 1 1 1 1 1 1 1 1 1 1 1 61 58 61 58 61 58 61 58 61 58 61 58 61 58 61 58 61 58 61 58 61 58 61 58 61 58 61 58 61 58 61 58 61 58 61 58 61 58 61 58 61 58 61 58 61 58 61 58 61 58 61 58 61 58 61 58 61 58 61 58 61 58 61 58 61 58 61 58 61 58 61 58 61 58 61 58 61 58 61 58 61 58 61 58 61 58 61 58 61 58 61 58 61 58 
60 57 60 57 60 57 60 57 60 57 60 57 60 57 60 57 60 57 60 57 60 57 60 57 60 57 60 57 60 57 60 57 60 57 60 57 60 57 60 57 60 57 60 57 60 57 60 57 60 57 60 57 60 57 60 57 60 57 60 57 60 57 60 57 60 57 60 57 60 57 60 57 60 57 1 1 2 2 1 1 1 1 60 57 60 57 60 57 60 57 60 57 0 0 0 1 1 1 0 0 15 15 15 15 15 15 15 15 15 15 15 0 60 57 60 57 1 1 1 1 1 1 1 1 1 1 1 1 1 1 1 1 1 1 24 28 28 28 28 28 29 1 1 1 1 1 1 1 1 1 1 1 1 1 1 1 60 57 60 57 60 57 60 57 60 57 60 57 60 57 60 57 60 57 60 57 60 57 60 57 60 57 60 57 60 57 60 57 60 57 60 57 60 57 60 57 60 57 60 57 60 57 60 57 60 57 60 57 60 57 60 57 60 57 60 57 60 57 60 57 60 57 60 57 60 57 60 57 60 57 60 57 60 57 60 57 60 57 60 57 60 57 60 57 60 57 60 57 60 57 
62 59 62 59 62 59 62 59 62 59 62 59 62 59 62 59 62 59 62 59 62 59 62 59 62 59 62 59 62 59 62 59 62 59 62 59 62 59 62 59 62 59 62 59 62 59 62 59 62 59 62 59 62 59 62 59 62 59 62 59 62 59 62 59 62 59 62 59 62 59 62 59 62 59 62 2 1 2 2 1 1 1 62 59 62 59 62 59 62 59 62 59 62 59 62 59 62 59 15 15 15 15 15 15 15 15 15 15 15 15 62 59 62 59 62 59 62 59 62 59 62 59 62 59 62 59 62 59 62 59 62 59 62 59 62 59 15 15 15 15 15 0 0 0 62 59 62 59 1 1 1 1 62 59 62 59 62 59 62 59 62 59 62 59 62 59 62 59 62 59 62 59 62 59 62 59 62 59 62 59 62 59 62 59 62 59 62 59 62 59 62 59 62 59 62 59 62 59 62 59 62 59 62 59 62 59 62 59 62 59 62 59 62 59 62 59 62 59 62 59 62 59 62 59 62 59 62 59 62 59 62 59 62 59 62 59 62 59 62 59 62 59 62 59 62 59 62 59 62 59 
61 58 61 58 61 58 61 58 61 58 61 58 61 58 61 58 61 58 61 58 61 58 61 58 61 58 61 58 61 58 61 58 61 58 61 58 61 58 61 58 61 58 61 58 61 58 61 58 61 58 61 58 61 58 61 58 61 58 61 58 61 58 61 58 61 58 61 58 61 58 61 58 61 58 61 2 2 2 1 1 1 1 61 58 61 58 61 58 61 58 61 58 61 58 61 58 61 58 15 15 15 15 15 15 15 15 15 15 15 0 61 58 61 58 61 58 61 58 61 58 61 58 61 58 61 58 61 58 61 58 61 58 61 58 61 58 15 15 15 15 15 15 15 15 61 58 61 58 1 1 1 1 61 58 61 58 61 58 61 58 61 58 61 58 61 58 61 58 61 58 61 58 61 58 61 58 61 58 61 58 61 58 61 58 61 58 61 58 61 58 61 58 61 58 61 58 61 58 61 58 61 58 61 58 61 58 61 58 61 58 61 58 61 58 61 58 61 58 61 58 61 58 61 58 61 58 61 58 61 58 61 58 61 58 61 58 61 58 61 58 61 58 61 58 61 58 61 58 61 58 
60 57 60 57 60 57 60 57 60 57 60 57 60 57 60 57 60 57 60 57 60 57 60 57 60 57 60 57 60 57 60 57 60 57 60 57 60 57 60 57 60 57 60 57 60 57 60 57 60 57 60 57 60 57 60 57 60 57 60 57 60 57 60 57 60 57 60 57 60 57 60 57 60 57 60 1 1 2 1 2 1 1 60 57 60 57 60 57 60 57 60 57 60 57 60 57 60 57 15 15 15 15 15 15 15 15 15 0 0 0 60 57 60 57 60 57 60 57 60 57 60 57 60 57 60 57 60 57 60 57 60 57 60 57 60 57 15 15 15 15 15 15 15 15 60 57 60 57 1 1 1 1 60 57 60 57 60 57 60 57 60 57 60 57 60 57 60 57 60 57 60 57 60 57 60 57 60 57 60 57 60 57 60 57 60 57 60 57 60 57 60 57 60 57 60 57 60 57 60 57 60 57 60 57 60 57 60 57 60 57 60 57 60 57 60 57 60 57 60 57 60 57 60 57 60 57 60 57 60 57 60 57 60 57 60 57 60 57 60 57 60 57 60 57 60 57 60 57 60 57 
62 59 62 59 62 59 62 59 62 59 62 59 62 59 62 59 62 59 62 59 62 59 62 59 62 59 62 59 62 59 62 59 62 59 62 59 62 59 62 59 62 59 62 59 62 59 62 59 62 59 62 59 62 59 62 59 62 59 62 59 62 59 62 59 62 59 62 59 62 59 62 59 62 59 1 1 1 2 1 1 62 59 62 59 62 59 62 59 62 59 62 59 62 59 62 15 15 15 15 15 15 15 15 15 15 15 62 59 62 59 62 59 62 59 62 59 62 59 62 59 62 59 62 59 62 59 62 59 62 59 62 59 62 59 62 59 62 15 15 15 15 15 15 15 15 0 62 59 62 59 62 59 62 59 62 59 62 59 62 59 62 59 62 59 62 59 62 59 62 59 62 59 62 59 62 59 62 59 62 59 62 59 62 59 62 59 62 59 62 59 62 59 62 59 62 59 62 59 62 59 62 59 62 59 62 59 62 59 62 59 62 59 62 59 62 59 62 59 62 59 62 59 62 59 62 59 62 59 62 59 62 59 62 59 62 59 62 59 62 59 62 59 62 59 62 59 62 59 62 59 
61 58 61 58 61 58 61 58 61 58 61 58 61 58 61 58 61 58 61 58 61 58 61 58 61 58 61 58 61 58 61 58 61 58 61 58 61 58 61 58 61 58 61 58 61 58 61 58 61 58 61 58 61 58 61 58 61 58 61 58 61 58 61 58 61 58 61 58 61 58 61 58 61 58 1 1 1 2 1 1 61 58 61 58 61 58 61 58 61 58 61 58 61 58 15 15 15 15 15 15 15 15 15 15 15 15 61 58 61 58 61 58 61 58 61 58 61 58 61 58 61 58 61 58 61 58 61 58 61 58 61 58 61 58 61 58 61 58 15 15 15 15 15 15 15 0 61 58 61 58 61 58 61 58 61 58 61 58 61 58 61 58 61 58 61 58 61 58 61 58 61 58 61 58 61 58 61 58 61 58 61 58 61 58 61 58 61 58 61 58 61 58 61 58 61 58 61 58 61 58 61 58 61 58 61 58 61 58 61 58 61 58 61 58 61 58 61 58 61 58 61 58 61 58 61 58 61 58 61 58 61 58 61 58 61 58 61 58 61 58 61 58 61 58 61 58 61 58 61 58 
60 57 60 57 60 57 60 57 60 57 60 57 60 57 60 57 60 57 60 57 60 57 60 57 60 57 60 57 60 57 60 57 60 57 60 57 60 57 60 57 60 57 60 57 60 57 60 57 60 57 60 57 60 57 60 57 60 57 60 57 60 57 60 57 60 57 60 57 60 57 60 57 60 57 1 1 1 1 1 1 60 57 60 57 60 57 60 57 60 57 60 57 60 57 15 15 15 15 15 15 15 15 15 15 15 15 60 57 60 57 60 57 60 57 60 57 60 57 60 57 60 57 60 57 60 57 60 57 60 57 60 57 60 57 60 57 60 57 60 15 15 15 15 15 15 15 60 57 60 57 60 57 60 57 60 57 60 57 60 57 60 57 60 57 60 57 60 57 60 57 60 57 60 57 60 57 60 57 60 57 60 57 60 57 60 57 60 57 60 57 60 57 60 57 60 57 60 57 60 57 60 57 60 57 60 57 60 57 60 57 60 57 60 57 60 57 60 57 60 57 60 57 60 57 60 57 60 57 60 57 60 57 60 57 60 57 60 57 60 57 60 57 60 57 60 57 60 57 60 57 
62 59 62 59 62 59 62 59 62 59 62 59 62 59 62 59 62 59 62 59 62 59 62 59 62 59 62 59 62 59 62 59 62 59 62 59 62 59 62 59 62 59 62 59 62 59 62 59 62 59 62 59 62 59 62 59 62 59 62 59 62 59 62 59 62 59 62 59 62 59 62 59 62 59 1 1 1 2 1 1 62 59 62 59 62 59 62 59 62 59 15 15 15 15 15 15 15 15 15 15 15 15 62 59 62 59 62 59 62 59 62 59 62 59 62 59 62 59 62 59 62 59 62 59 62 59 62 59 62 59 62 59 62 59 62 59 62 59 62 59 62 15 15 15 15 15 15 59 62 59 62 59 62 59 62 59 62 59 62 59 62 59 62 59 62 59 62 59 62 59 62 59 62 59 62 59 62 59 62 59 62 59 62 59 62 59 62 59 62 59 62 59 62 59 62 59 62 59 62 59 62 59 62 59 62 59 62 59 62 59 62 59 62 59 62 59 62 59 62 59 62 59 62 59 62 59 62 59 62 59 62 59 62 59 62 59 62 59 62 59 62 59 62 59 62 59 62 59 62 59 
61 58 61 58 61 58 61 58 61 58 61 58 61 58 61 58 61 58 61 58 61 58 61 58 61 58 61 58 61 58 61 58 61 58 61 58 61 58 61 58 61 58 61 58 61 58 61 58 61 58 61 58 61 58 61 58 61 58 61 58 61 58 61 58 61 58 61 58 61 58 61 58 61 58 1 1 1 1 1 1 61 58 61 58 61 58 61 58 61 58 15 15 15 15 15 15 15 15 15 15 15 15 61 58 61 58 61 58 61 58 61 58 61 58 61 58 61 58 61 58 61 58 61 58 61 58 61 58 61 58 61 58 61 58 61 58 61 58 61 58 61 15 15 15 15 15 15 58 61 58 61 58 61 58 61 58 61 58 61 58 61 58 61 58 61 58 61 58 61 58 61 58 61 58 61 58 61 58 61 58 61 58 61 58 61 58 61 58 61 58 61 58 61 58 61 58 61 58 61 58 61 58 61 58 61 58 61 58 61 58 61 58 61 58 61 58 61 58 61 58 61 58 61 58 61 58 61 58 61 58 61 58 61 58 61 58 61 58 61 58 61 58 61 58 61 58 61 58 61 58 
60 57 60 57 60 57 60 57 60 57 60 57 60 57 60 57 60 57 60 57 60 57 60 57 60 57 60 57 60 57 60 57 60 57 60 57 60 57 60 57 60 57 60 57 60 57 60 57 60 57 60 57 60 57 60 57 60 57 60 57 60 57 60 57 60 57 60 57 60 57 60 57 60 57 1 1 1 1 1 1 60 57 60 57 60 57 60 57 60 57 15 15 15 15 15 15 15 15 15 15 15 15 60 57 60 57 60 57 60 57 60 57 60 57 60 57 60 57 60 57 60 57 60 57 60 57 60 57 60 57 60 57 60 57 60 57 60 57 60 57 60 57 15 15 15 15 15 15 60 57 60 57 60 57 60 57 60 57 60 57 60 57 60 57 60 57 60 57 60 57 60 57 60 57 60 57 60 57 60 57 60 57 60 57 60 57 60 57 60 57 60 57 60 57 60 57 60 57 60 57 60 57 60 57 60 57 60 57 60 57 60 57 60 57 60 57 60 57 60 57 60 57 60 57 60 57 60 57 60 57 60 57 60 57 60 57 60 57 60 57 60 57 60 57 60 57 60 57 60 57 
15 15 15 15 15 15 15 15 15 15 15 15 15 15 15 15 15 15 15 15 15 15 15 15 15 15 62 59 0 0 62 59 62 59 62 59 0 0 15 15 15 0 0 0 0 0 0 0 0 0 0 0 0 0 0 15 15 0 0 0 0 0 0 0 0 0 0 0 0 0 0 0 0 0 0 1 1 1 0 0 15 0 0 0 0 15 0 15 15 15 15 15 15 15 15 15 15 15 15 15 62 59 62 59 62 59 62 59 62 59 62 59 62 59 62 59 62 59 62 59 62 59 62 59 62 59 62 59 62 59 62 59 62 59 62 59 62 59 62 59 62 59 15 15 15 15 15 15 15 59 62 59 62 59 62 59 62 59 62 59 62 59 62 59 62 59 62 59 62 59 62 59 62 59 62 59 62 59 62 59 62 59 62 59 62 59 62 59 62 59 62 59 62 59 62 59 62 59 62 59 62 59 62 59 62 59 62 59 62 59 62 59 62 59 62 59 62 59 62 59 62 59 62 59 62 59 62 59 62 59 62 59 62 59 62 59 62 59 62 59 62 59 62 59 62 59 62 59 62 59 
15 15 15 15 15 15 15 15 15 15 15 15 15 15 15 15 15 15 15 15 15 15 15 15 15 15 61 58 0 0 61 58 61 58 61 58 0 15 15 15 15 15 15 15 0 0 15 0 15 15 0 0 0 0 0 15 15 15 0 0 15 0 0 0 0 0 0 0 0 0 0 15 0 15 0 0 27 27 0 15 15 15 15 15 15 15 15 15 15 15 15 15 15 15 15 15 15 15 15 15 61 58 61 58 61 58 61 58 61 58 61 58 61 58 61 58 61 58 61 58 61 58 61 58 61 58 61 58 61 58 61 58 61 58 61 58 61 58 61 58 61 58 61 15 61 15 15 15 15 15 61 58 61 58 61 58 61 58 61 58 61 58 61 58 61 58 61 58 61 58 61 58 61 58 61 58 61 58 61 58 61 58 61 58 61 58 61 58 61 58 61 58 61 58 61 58 61 58 61 58 61 58 61 58 61 58 61 58 61 58 61 58 61 58 61 58 61 58 61 58 61 58 61 58 61 58 61 58 61 58 61 58 61 58 61 58 61 58 61 58 61 58 61 58 61 58 61 58 61 58 
15 15 15 15 15 15 15 15 15 15 15 15 15 15 15 15 15 15 15 15 15 15 15 15 15 15 60 57 0 0 60 57 60 57 60 57 0 0 15 15 15 15 15 15 15 15 15 15 15 15 15 15 15 15 15 15 15 15 15 15 15 15 15 15 15 15 15 15 15 15 15 15 15 15 15 15 26 26 15 15 15 15 15 15 15 15 15 15 15 15 15 15 15 15 15 15 15 15 15 15 60 57 60 57 60 57 60 57 60 57 60 57 60 57 60 57 60 57 60 57 60 57 60 57 60 57 60 57 60 57 60 57 60 57 60 57 60 57 60 57 60 57 60 15 15 15 15 15 15 15 60 57 60 57 60 57 60 57 60 57 60 57 60 57 60 57 60 57 60 57 60 57 60 57 60 57 60 57 60 57 60 57 60 57 60 57 60 57 60 57 60 57 60 57 60 57 60 57 60 57 60 57 60 57 60 57 60 57 60 57 60 57 60 57 60 57 60 57 60 57 60 57 60 57 60 57 60 57 60 57 60 57 60 57 60 57 60 57 60 57 60 57 60 57 60 57 60 57 60 57 
15 15 15 15 15 15 15 15 15 15 15 15 15 15 15 15 15 15 15 15 15 15 15 15 15 15 15 15 15 15 15 15 15 15 15 15 15 15 15 15 15 15 15 15 15 15 15 15 15 15 15 15 15 15 15 15 15 15 15 15 15 15 15 15 15 15 15 15 15 15 15 15 15 15 15 15 26 26 15 15 15 15 15 15 15 15 15 15 15 15 15 15 15 15 15 15 15 15 62 59 62 59 62 59 62 59 62 59 62 59 62 59 62 59 62 59 62 59 62 59 62 59 62 59 62 59 62 59 62 59 62 59 62 59 62 59 62 59 62 59 62 59 62 15 15 15 15 15 15 15 15 59 62 59 62 59 62 59 62 59 62 59 62 59 62 59 62 59 62 59 62 59 62 59 62 59 62 59 62 59 62 59 62 59 62 59 62 59 62 59 62 59 62 59 62 59 62 59 62 59 62 59 62 59 62 59 62 59 62 59 62 59 62 59 62 59 62 59 62 59 62 59 62 59 62 59 62 59 62 59 62 59 62 59 62 59 62 59 62 59 62 59 62 59 62 59 62 59 62 59 
15 15 15 15 15 15 15 15 15 15 15 15 15 15 15 15 15 15 15 15 15 15 15 15 15 15 15 15 15 15 15 15 15 15 15 15 15 15 15 15 15 15 15 15 15 15 15 15 15 15 15 15 15 15 15 15 15 15 15 15 15 15 15 15 15 15 15 15 15 15 15 15 15 15 15 15 26 26 15 15 15 15 15 15 15 15 15 15 15 15 15 15 15 15 15 15 15 15 61 58 61 58 61 58 61 58 61 58 61 58 61 58 61 58 61 58 61 58 61 58 61 58 61 58 61 58 61 58 61 58 61 58 61 58 61 58 61 58 61 58 61 58 61 58 15 15 15 15 15 15 15 58 61 58 61 58 61 58 61 58 61 58 61 58 61 58 61 58 61 58 61 58 61 58 61 58 61 58 61 58 61 58 61 58 61 58 61 58 61 58 61 58 61 58 61 58 61 58 61 58 61 58 61 58 61 58 61 58 61 58 61 58 61 58 61 58 61 58 61 58 61 58 61 58 61 58 61 58 61 58 61 58 61 58 61 58 61 58 61 58 61 58 61 58 61 58 61 58 61 58 
15 15 15 15 15 15 15 15 15 15 15 15 15 15 15 15 15 15 15 15 15 15 15 15 15 15 15 15 15 15 15 15 15 15 15 15 15 15 15 15 15 15 15 15 15 15 15 15 15 15 15 15 15 15 15 15 15 15 15 15 15 15 15 15 15 15 15 15 15 15 15 15 15 15 15 15 26 26 15 15 15 15 15 15 15 15 15 15 15 15 15 15 15 15 15 15 15 15 60 57 60 57 60 57 60 57 60 57 60 57 60 57 60 57 60 57 60 57 60 57 60 57 60 57 60 57 60 57 60 57 60 57 60 57 60 57 60 57 60 57 60 57 60 57 60 15 15 15 15 15 15 57 60 57 60 57 60 57 60 57 60 57 60 57 60 57 60 57 60 57 60 57 60 57 60 57 60 57 60 57 60 57 60 57 60 57 60 57 60 57 60 57 60 57 60 57 60 57 60 57 60 57 60 57 60 57 60 57 60 57 60 57 60 57 60 57 60 57 60 57 60 57 60 57 60 57 60 57 60 57 60 57 60 57 60 57 60 57 60 57 60 57 60 57 60 57 60 57 60 57 
15 15 15 15 15 15 15 15 15 15 15 15 15 15 15 15 15 15 15 15 15 15 15 15 15 15 15 15 15 15 15 15 15 15 15 15 15 15 15 15 15 15 15 15 15 15 15 15 15 15 15 15 15 15 15 15 15 15 15 15 15 15 15 15 15 15 15 15 15 15 15 15 15 15 15 15 26 26 15 15 15 15 15 15 62 59 62 59 62 59 62 59 62 59 62 59 62 59 62 59 62 59 62 59 62 59 62 59 62 59 62 59 62 59 62 59 62 59 62 59 62 59 62 59 62 59 62 59 62 59 62 59 62 59 62 59 62 59 62 59 62 59 62 59 62 59 15 15 15 15 15 59 62 59 62 59 62 59 62 59 62 59 62 59 62 59 62 59 62 59 62 59 62 59 62 59 62 59 62 59 62 59 62 59 62 59 62 59 62 59 62 59 62 59 62 59 62 59 62 59 62 59 62 59 62 59 62 59 62 59 62 59 62 59 62 59 62 59 62 59 62 59 62 59 62 59 62 59 62 59 62 59 62 59 62 59 62 59 62 59 62 59 62 59 62 59 62 59 62 59 
15 15 15 15 15 15 15 15 15 15 15 15 15 15 15 15 15 15 15 15 15 15 15 15 15 15 15 15 15 15 15 15 15 15 15 15 15 15 15 15 15 15 15 15 15 15 15 15 15 15 15 15 15 15 15 15 61 58 61 58 61 58 15 15 61 58 15 15 15 15 15 15 15 15 15 15 26 26 15 15 15 15 15 15 61 58 61 58 61 58 61 58 61 58 61 58 61 58 61 58 61 58 61 58 61 58 61 58 61 58 61 58 61 58 61 58 61 58 61 58 61 58 61 58 61 58 61 58 61 58 61 58 61 58 61 58 61 58 61 58 61 58 61 58 61 58 15 15 15 15 15 15 61 58 61 58 61 58 61 58 61 58 61 58 61 58 61 58 61 58 61 58 61 58 61 58 61 58 61 58 61 58 61 58 61 58 61 58 61 58 61 58 61 58 61 58 61 58 61 58 61 58 61 58 61 58 61 58 61 58 61 58 61 58 61 58 61 58 61 58 61 58 61 58 61 58 61 58 61 58 61 58 61 58 61 58 61 58 61 58 61 58 61 58 61 58 61 58 61 58 
15 15 15 15 15 15 15 15 15 15 15 15 15 15 15 15 15 15 15 15 15 15 15 15 15 15 15 15 15 15 15 15 15 15 15 15 15 15 15 15 15 15 15 15 15 15 15 15 15 15 15 15 15 15 15 15 60 57 60 57 60 57 60 57 60 57 60 15 15 15 15 15 15 15 0 0 25 25 0 0 15 15 15 15 60 57 60 57 60 57 60 57 60 57 60 57 60 57 60 57 60 57 60 57 60 57 60 57 60 57 60 57 60 57 60 57 60 57 60 57 60 57 60 57 60 57 60 57 60 57 60 57 60 57 60 57 60 57 60 57 60 57 60 57 60 57 60 15 60 15 15 15 15 57 60 57 60 57 60 57 60 57 60 57 60 57 60 57 60 57 60 57 60 57 60 57 60 57 60 57 60 57 60 57 60 57 60 57 60 57 60 57 60 57 60 57 60 57 60 57 60 57 60 57 60 57 60 57 60 57 60 57 60 57 60 57 60 57 60 57 60 57 60 57 60 57 60 57 60 57 60 57 60 57 60 57 60 57 60 57 60 57 60 57 60 57 60 57 60 57 
62 59 62 59 62 59 62 59 62 59 62 59 62 59 62 59 62 59 62 59 62 59 62 59 62 59 62 59 62 59 62 59 15 15 62 59 62 59 62 59 62 59 62 59 62 59 62 59 62 59 62 59 62 59 62 59 62 59 62 59 62 59 62 59 62 59 62 59 62 59 62 59 62 59 0 0 1 1 62 59 62 59 62 59 62 59 62 59 62 59 62 59 62 59 62 59 62 59 62 59 62 59 62 59 62 59 62 59 62 59 62 59 62 59 62 59 62 59 62 59 62 59 62 59 62 59 62 59 62 59 62 59 62 59 62 59 62 59 62 59 62 59 62 59 62 59 62 59 15 15 15 15 15 59 62 59 62 59 62 59 62 59 62 59 62 59 62 59 62 59 62 59 62 59 62 59 62 59 62 59 62 59 62 59 62 59 62 59 62 59 62 59 62 59 62 59 62 59 62 59 62 59 62 59 62 59 62 59 62 59 62 59 62 59 62 59 62 59 62 59 62 59 62 59 62 59 62 59 62 59 62 59 62 59 62 59 62 59 62 59 62 59 62 59 62 59 62 59 62 59 
61 58 61 58 61 58 61 58 61 58 61 58 61 58 61 58 61 58 61 58 61 58 61 58 61 58 61 58 61 58 61 58 61 58 61 58 61 58 61 58 61 58 61 58 61 58 61 58 61 58 61 58 61 58 61 58 61 58 61 58 61 58 61 58 61 58 61 58 61 58 61 58 61 58 0 1 1 1 61 58 61 58 61 58 61 58 61 58 61 58 61 58 61 58 61 58 61 58 61 58 61 58 61 58 61 58 61 58 61 58 61 58 61 58 61 58 61 58 61 58 61 58 61 58 61 58 61 58 61 58 61 58 61 58 61 58 61 58 61 58 61 58 61 58 61 58 61 58 61 15 15 15 15 15 15 58 61 58 61 58 61 58 61 58 61 58 61 58 61 58 61 58 61 58 61 58 61 58 61 58 61 58 61 58 61 58 61 58 61 58 61 58 61 58 61 58 61 58 61 58 61 58 61 58 61 58 61 58 61 58 61 58 61 58 61 58 61 58 61 58 61 58 61 58 61 58 61 58 61 58 61 58 61 58 61 58 61 58 61 58 61 58 61 58 61 58 61 58 61 58 
60 57 60 57 60 57 60 57 60 57 60 57 60 57 60 57 60 57 60 57 60 57 60 57 60 57 60 57 60 57 60 57 60 57 60 57 60 57 60 57 60 57 60 57 60 57 60 57 60 57 60 57 60 57 60 57 60 57 60 57 60 57 60 57 60 57 60 57 60 57 60 57 60 57 0 1 1 1 60 57 60 57 60 57 60 57 60 57 60 57 60 57 60 57 60 57 60 57 60 57 60 57 60 57 60 57 60 57 60 57 60 57 60 57 60 57 60 57 60 57 60 57 60 57 60 57 60 57 60 57 60 57 60 57 60 57 60 57 60 57 60 57 60 57 60 57 60 57 60 15 15 15 15 15 15 15 60 57 60 57 60 57 60 57 60 57 60 57 60 57 60 57 60 57 60 57 60 57 60 57 60 57 60 57 60 57 60 57 60 57 60 57 60 57 60 57 60 57 60 57 60 57 60 57 60 57 60 57 60 57 60 57 60 57 60 57 60 57 60 57 60 57 60 57 60 57 60 57 60 57 60 57 60 57 60 57 60 57 60 57 60 57 60 57 60 57 60 57 60 57 
62 59 62 59 62 59 62 59 62 59 62 59 62 59 62 59 62 59 62 59 62 59 62 59 62 59 62 59 62 59 62 59 62 59 62 59 62 59 62 59 62 59 62 59 62 59 62 59 62 59 62 59 62 59 62 59 62 59 62 59 62 59 62 59 62 59 62 59 62 59 62 59 62 59 0 1 1 1 62 59 62 59 62 59 62 59 62 59 62 59 62 59 62 59 62 59 62 59 62 59 62 59 62 59 62 59 62 59 62 59 62 59 62 59 62 59 62 59 62 59 62 59 62 59 62 59 62 59 62 59 62 59 62 59 62 59 62 59 62 59 62 59 62 59 62 59 62 59 62 15 15 15 15 15 15 15 62 59 62 59 62 59 62 59 62 59 62 59 62 59 62 59 62 59 62 59 62 59 62 59 62 59 62 59 62 59 62 59 62 59 62 59 62 59 62 59 62 59 62 59 62 59 62 59 62 59 62 59 62 59 62 59 62 59 62 59 62 59 62 59 62 59 62 59 62 59 62 59 62 59 62 59 62 59 62 59 62 59 62 59 62 59 62 59 62 59 62 59 62 59 
61 58 61 58 61 58 61 58 61 58 61 58 61 58 61 58 61 58 61 58 61 58 61 58 61 58 61 58 61 58 61 58 61 58 61 58 61 58 61 58 61 58 61 58 61 58 61 58 61 58 61 58 61 58 61 58 61 58 61 58 61 58 61 58 61 58 61 58 61 58 61 58 61 58 0 1 1 1 61 58 61 58 61 58 61 58 61 58 61 58 61 58 61 58 61 58 61 58 61 58 61 58 61 58 61 58 61 58 61 58 61 58 61 58 61 58 61 58 61 58 61 58 61 58 61 58 61 58 61 58 61 58 61 58 61 58 61 58 61 58 61 58 61 58 61 58 61 58 61 58 15 15 15 15 15 15 15 58 61 58 61 58 61 58 61 58 61 58 61 58 61 58 61 58 61 58 61 58 61 58 61 58 61 58 61 58 61 58 61 58 61 58 61 58 61 58 61 58 61 58 61 58 61 58 61 58 61 58 61 58 61 58 61 58 61 58 61 58 61 58 61 58 61 58 61 58 61 58 61 58 61 58 61 58 61 58 61 58 61 58 61 58 61 58 61 58 61 58 61 58 
60 57 60 57 60 57 60 57 60 57 60 57 60 57 60 57 60 57 60 57 60 57 60 57 60 57 60 57 60 57 60 57 60 57 60 57 60 57 60 57 60 57 60 57 60 57 60 57 60 57 60 57 60 57 60 57 60 57 60 57 60 57 60 57 60 57 60 57 60 57 60 57 60 57 1 1 1 1 60 57 60 57 60 57 60 57 60 57 60 57 60 57 60 57 60 57 60 57 60 57 60 57 60 57 60 57 60 57 60 57 60 57 60 57 60 57 60 57 60 57 60 57 60 57 60 57 60 57 60 57 60 57 60 57 60 57 60 57 60 57 60 57 60 57 60 57 60 57 60 57 60 15 15 15 15 15 15 15 15 57 60 57 60 57 60 57 60 57 60 57 60 57 60 57 60 57 60 57 60 57 60 57 60 57 60 57 60 57 60 57 60 57 60 57 60 57 60 57 60 57 60 57 60 57 60 57 60 57 60 57 60 57 60 57 60 57 60 57 60 57 60 57 60 57 60 57 60 57 60 57 60 57 60 57 60 57 60 57 60 57 60 57 60 57 60 57 60 57 60 57 
62 59 62 59 62 59 62 59 62 59 62 59 62 59 62 59 62 59 62 59 62 59 62 59 62 59 62 59 62 59 62 59 62 59 62 59 62 59 62 59 62 59 62 59 62 59 62 59 62 59 62 59 62 59 62 59 62 59 62 59 62 59 62 59 62 59 62 59 62 59 62 59 62 59 1 1 1 1 1 59 62 59 62 59 62 59 62 59 62 59 62 59 62 59 62 59 62 59 62 59 62 59 62 59 62 59 62 59 62 59 62 59 62 59 62 59 62 59 62 59 62 59 62 59 62 59 62 59 62 59 62 59 62 59 62 59 62 59 62 59 62 59 62 59 62 59 62 59 62 59 62 59 62 15 15 15 15 15 15 59 62 59 62 59 62 59 62 59 62 59 62 59 62 59 62 59 62 59 62 59 62 59 62 59 62 59 62 59 62 59 62 59 62 59 62 59 62 59 62 59 62 59 62 59 62 59 62 59 62 59 62 59 62 59 62 59 62 59 62 59 62 59 62 59 62 59 62 59 62 59 62 59 62 59 62 59 62 59 62 59 62 59 62 59 62 59 62 59 62 59 
61 58 61 58 61 58 61 58 61 58 61 58 61 58 61 58 61 58 61 58 61 58 61 58 61 58 61 58 61 58 61 58 61 58 61 58 61 58 61 58 61 58 61 58 61 58 61 58 61 58 61 58 61 58 61 58 61 58 61 58 61 58 61 58 61 58 61 58 61 58 61 58 61 58 1 1 1 1 1 58 61 58 61 58 61 58 61 58 61 58 61 58 61 58 61 58 61 58 61 58 61 58 61 58 61 58 61 58 61 58 61 58 61 58 61 58 61 58 61 58 61 58 61 58 61 58 61 58 61 58 61 58 61 58 61 58 61 58 61 58 61 58 61 58 61 58 61 58 61 58 61 58 61 15 15 15 15 15 15 15 61 58 61 58 61 58 61 58 61 58 61 58 61 58 61 58 61 58 61 58 61 58 61 58 61 58 61 58 61 58 61 58 61 58 61 58 61 58 61 58 61 58 61 58 61 58 61 58 61 58 61 58 61 58 61 58 61 58 61 58 61 58 61 58 61 58 61 58 61 58 61 58 61 58 61 58 61 58 61 58 61 58 61 58 61 58 61 58 61 58 
60 57 60 57 60 57 60 57 60 57 60 57 60 57 60 57 60 57 60 57 60 57 60 57 60 57 60 57 60 57 60 57 60 57 60 57 60 57 60 57 60 57 60 57 60 57 60 57 60 57 60 57 60 57 60 57 60 57 60 57 60 57 60 57 60 57 60 57 60 57 60 57 60 57 1 1 1 1 1 57 60 57 60 57 60 57 60 57 60 57 60 57 60 57 60 57 60 57 60 57 60 57 60 57 60 57 60 57 60 57 60 57 60 57 60 57 60 57 60 57 60 57 60 57 60 57 60 57 60 57 60 57 60 57 60 57 60 57 60 57 60 57 60 57 60 57 60 57 60 57 60 57 60 57 15 15 15 15 15 15 60 15 60 57 60 57 60 57 60 57 60 57 60 57 60 57 60 57 60 57 60 57 60 57 60 57 60 57 60 57 60 57 60 57 60 57 60 57 60 57 60 57 60 57 60 57 60 57 60 57 60 57 60 57 60 57 60 57 60 57 60 57 60 57 60 57 60 57 60 57 60 57 60 57 60 57 60 57 60 57 60 57 60 57 60 57 60 57 60 57 
62 59 62 59 62 59 62 59 62 59 62 59 62 59 62 59 62 59 62 59 62 59 62 59 62 59 62 59 62 59 62 59 62 59 62 59 62 59 62 59 62 59 62 59 62 59 62 59 62 59 62 59 62 59 62 59 62 59 62 59 62 59 62 59 62 59 62 59 62 59 62 59 62 59 1 1 1 1 1 0 62 59 62 59 62 59 62 59 62 59 62 59 62 59 62 59 62 59 62 59 62 59 62 59 62 59 62 59 62 59 62 59 62 59 62 59 62 59 62 59 62 59 62 59 62 59 62 59 62 59 62 59 62 59 62 59 62 59 62 59 62 59 62 59 62 59 62 59 62 59 62 59 62 59 62 15 15 15 15 15 15 15 62 59 62 59 62 59 62 59 62 59 62 59 62 59 62 59 62 59 62 59 62 59 62 59 62 59 62 59 62 59 62 59 62 59 62 59 62 59 62 59 62 59 62 59 62 59 62 59 62 59 62 59 62 59 62 59 62 59 62 59 62 59 62 59 62 59 62 59 62 59 62 59 62 59 62 59 62 59 62 59 62 59 62 59 62 59 62 59 
61 58 61 58 61 58 61 58 61 58 61 58 61 58 61 58 61 58 61 58 61 58 61 58 61 58 61 58 61 58 61 58 61 58 61 58 61 58 61 58 61 58 61 58 61 58 61 58 61 58 61 58 61 58 61 58 61 58 61 58 61 58 61 58 61 58 61 58 61 58 61 58 61 58 1 1 1 1 1 0 61 58 61 58 61 58 61 58 61 58 61 58 61 58 61 58 61 58 61 58 61 58 61 58 61 58 61 58 61 58 61 58 61 58 61 58 61 58 61 58 61 58 61 58 61 58 61 58 61 58 61 58 61 58 61 58 61 58 61 58 61 58 61 58 61 58 61 58 61 58 61 58 61 58 61 15 15 15 15 15 15 15 61 58 61 58 61 58 61 58 61 58 61 58 61 58 61 58 61 58 61 58 61 58 61 58 61 58 61 58 61 58 61 58 61 58 61 58 61 58 61 58 61 58 61 58 61 58 61 58 61 58 61 58 61 58 61 58 61 58 61 58 61 58 61 58 61 58 61 58 61 58 61 58 61 58 61 58 61 58 61 58 61 58 61 58 61 58 61 58 
60 57 60 57 60 57 60 57 60 57 60 57 60 57 60 57 60 57 60 57 60 57 60 57 60 57 60 57 60 57 60 57 60 57 60 57 60 57 60 57 60 57 60 57 60 57 60 57 60 57 60 57 60 57 60 57 60 57 60 57 60 57 60 57 60 57 60 57 60 57 60 57 60 57 1 1 1 1 1 0 60 57 60 57 60 57 60 57 60 57 60 57 60 57 60 57 60 57 60 57 60 57 60 57 60 57 60 57 60 57 60 57 60 57 60 57 60 57 60 57 60 57 60 57 60 57 60 57 60 57 60 57 60 57 60 57 60 57 60 57 60 57 60 57 60 57 60 57 60 57 60 57 60 57 60 57 60 15 15 15 15 15 15 57 60 57 60 57 60 57 60 57 60 57 60 57 60 57 60 57 60 57 60 57 60 57 60 57 60 57 60 57 60 57 60 57 60 57 60 57 60 57 60 57 60 57 60 57 60 57 60 57 60 57 60 57 60 57 60 57 60 57 60 57 60 57 60 57 60 57 60 57 60 57 60 57 60 57 60 57 60 57 60 57 60 57 60 57 60 57 
62 59 62 59 62 59 62 59 62 59 62 59 62 59 62 59 62 59 62 59 62 59 62 59 62 59 62 59 62 59 62 59 62 59 62 59 62 59 62 59 62 59 62 59 62 59 62 59 62 59 62 59 62 59 62 59 62 59 62 59 62 59 62 59 62 59 62 59 62 59 62 59 0 0 1 1 1 1 1 0 62 59 62 59 62 59 62 59 62 59 62 59 62 59 62 59 62 59 62 59 62 59 62 59 62 59 62 59 62 59 62 59 62 59 62 59 62 59 62 59 62 59 62 59 62 59 62 59 62 59 62 59 62 59 62 59 62 59 62 59 62 59 62 59 62 59 62 59 62 59 62 59 62 59 62 59 15 59 15 15 15 15 15 15 62 59 62 59 62 59 62 59 62 59 62 59 62 59 62 59 62 59 62 59 62 59 62 59 62 59 62 59 62 59 62 59 62 59 62 59 62 59 62 59 62 59 62 59 62 59 62 59 62 59 62 59 62 59 62 59 62 59 62 59 62 59 62 59 62 59 62 59 62 59 62 59 62 59 62 59 62 59 62 59 62 59 62 59 62 59 
61 58 61 58 61 58 61 58 61 58 61 58 61 58 61 58 61 58 61 58 61 58 61 58 61 58 61 58 61 58 61 58 61 58 61 58 61 58 61 58 61 58 61 58 61 58 61 58 61 58 61 58 61 58 61 58 61 58 61 58 61 58 61 58 61 58 61 58 61 58 61 58 0 1 1 1 1 1 1 0 61 58 61 58 61 58 61 58 61 58 61 58 61 58 61 58 61 58 61 58 61 58 61 58 61 58 61 58 61 58 61 58 61 58 61 58 61 58 61 58 61 58 61 58 61 58 61 58 61 58 61 58 61 58 61 58 61 58 61 58 61 58 61 58 61 58 61 58 61 58 61 58 61 58 61 58 61 58 15 15 15 15 15 15 61 58 61 58 61 58 61 58 61 58 61 58 61 58 61 58 61 58 61 58 61 58 61 58 61 58 61 58 61 58 61 58 61 58 61 58 61 58 61 58 61 58 61 58 61 58 61 58 61 58 61 58 61 58 61 58 61 58 61 58 61 58 61 58 61 58 61 58 61 58 61 58 61 58 61 58 61 58 61 58 61 58 61 58 61 58 
60 57 60 57 60 57 60 57 60 57 60 57 60 57 60 57 60 57 60 57 60 57 60 57 60 57 60 57 60 57 60 57 60 57 60 57 60 57 60 57 60 57 60 57 60 57 60 57 60 57 60 57 60 57 60 57 60 57 60 57 60 57 60 57 60 57 60 57 60 57 60 57 0 1 1 1 1 1 1 0 60 57 60 57 60 57 60 57 60 57 60 57 60 57 60 57 60 57 60 57 60 57 60 57 60 57 60 57 60 57 60 57 60 57 60 57 60 57 60 57 60 57 60 57 60 57 60 57 60 57 60 57 60 57 60 57 60 57 60 57 60 57 60 57 60 57 60 57 60 57 60 57 60 57 60 57 60 57 15 15 15 15 15 15 60 57 60 57 60 57 60 57 60 57 60 57 60 57 60 57 60 57 60 57 60 57 60 57 60 57 60 57 60 57 60 57 60 57 60 57 60 57 60 57 60 57 60 57 60 57 60 57 60 57 60 57 60 57 60 57 60 57 60 57 60 57 60 57 60 57 60 57 60 57 60 57 60 57 60 57 60 57 60 57 60 57 60 57 60 57 
62 59 62 59 62 59 62 59 62 59 62 59 62 59 62 59 62 59 62 59 62 59 62 59 62 59 62 59 62 59 62 59 62 59 62 59 62 59 62 59 62 59 62 59 62 59 62 59 62 59 62 59 62 59 62 59 62 59 62 59 62 59 62 59 62 59 62 59 62 59 62 59 62 59 1 1 1 1 1 1 62 59 62 59 62 59 62 59 62 59 62 59 62 59 62 59 62 59 62 59 62 59 62 59 62 59 62 59 62 59 62 59 62 59 62 59 62 59 62 59 62 59 62 59 62 59 62 59 62 59 62 59 62 59 62 59 62 59 62 59 62 59 62 59 62 59 62 59 62 59 62 59 62 59 62 59 62 59 15 15 15 15 15 15 15 59 62 59 62 59 62 59 62 59 62 59 62 59 62 59 62 59 62 59 62 59 62 59 62 59 62 59 62 59 62 59 62 59 62 59 62 59 62 59 62 59 62 59 62 59 62 59 62 59 62 59 62 59 62 59 62 59 62 59 62 59 62 59 62 59 62 59 62 59 62 59 62 59 62 59 62 59 62 59 62 59 62 59 62 59 
61 58 61 58 61 58 61 58 61 58 61 58 61 58 61 58 61 58 61 58 61 58 61 58 61 58 61 58 61 58 61 58 61 58 61 58 61 58 61 58 61 58 61 58 61 58 61 58 61 58 61 58 61 58 61 58 61 58 61 58 61 58 61 58 61 58 61 58 61 58 61 58 61 58 1 1 1 1 1 1 61 58 61 58 61 58 61 58 61 58 61 58 61 58 61 58 61 58 61 58 61 58 61 58 61 58 61 58 61 58 61 58 61 58 61 58 61 58 61 58 61 58 61 58 61 58 61 58 61 58 61 58 61 58 61 58 61 58 61 58 61 58 61 58 61 58 61 58 61 58 61 58 61 58 61 58 61 58 15 15 15 15 15 15 15 58 61 58 61 58 61 58 61 58 61 58 61 58 61 58 61 58 61 58 61 58 61 58 61 58 61 58 61 58 61 58 61 58 61 58 61 58 61 58 61 58 61 58 61 58 61 58 61 58 61 58 61 58 61 58 61 58 61 58 61 58 61 58 61 58 61 58 61 58 61 58 61 58 61 58 61 58 61 58 61 58 61 58 61 58 
60 57 60 57 60 57 60 57 60 57 60 57 60 57 60 57 60 57 60 57 60 57 60 57 60 57 60 57 60 57 60 57 60 57 60 57 60 57 60 57 60 57 60 57 60 57 60 57 60 57 60 57 60 57 60 57 60 57 60 57 60 57 60 57 60 57 60 57 60 57 60 57 60 57 1 1 1 1 1 1 60 57 60 57 60 57 60 57 60 57 60 57 60 57 60 57 60 57 60 57 60 57 60 57 60 57 60 57 60 57 60 57 60 57 60 57 60 57 60 57 60 57 60 57 60 57 60 57 60 57 60 57 60 57 60 57 60 57 60 57 60 57 60 57 60 57 60 57 60 57 60 57 60 57 60 57 60 57 60 57 60 15 15 15 15 15 15 15 60 57 60 57 60 57 60 57 60 57 60 57 60 57 60 57 60 57 60 57 60 57 60 57 60 57 60 57 60 57 60 57 60 57 60 57 60 57 60 57 60 57 60 57 60 57 60 57 60 57 60 57 60 57 60 57 60 57 60 57 60 57 60 57 60 57 60 57 60 57 60 57 60 57 60 57 60 57 60 57 60 57 
62 59 62 59 62 59 62 59 62 59 62 59 62 59 62 59 62 59 62 59 62 59 62 59 62 59 62 59 62 59 62 59 62 59 62 59 62 59 62 59 62 59 62 59 62 59 62 59 62 59 62 59 62 59 62 59 62 59 62 59 62 59 62 59 62 59 62 59 62 59 62 59 62 1 1 1 1 1 1 1 62 59 62 59 62 59 62 59 62 59 62 59 62 59 62 59 62 59 62 59 62 59 62 59 62 59 62 59 62 59 62 59 62 59 62 59 62 59 62 59 62 59 62 59 62 59 62 59 62 59 62 59 62 59 62 59 62 59 62 59 62 59 62 59 62 59 62 59 62 59 62 59 62 59 62 59 62 59 62 59 62 15 15 15 15 15 15 15 62 59 62 59 62 59 62 59 62 59 62 59 62 59 62 59 62 59 62 59 62 59 62 59 62 59 62 59 62 59 62 59 62 59 62 59 62 59 62 59 62 59 62 59 62 59 62 59 62 59 62 59 62 59 62 59 62 59 62 59 62 59 62 59 62 59 62 59 62 59 62 59 62 59 62 59 62 59 62 59 62 59 
61 58 61 58 61 58 61 58 61 58 61 58 61 58 61 58 61 58 61 58 61 58 61 58 61 58 61 58 61 58 61 58 61 58 61 58 61 58 61 58 61 58 61 58 61 58 61 58 61 58 61 58 61 58 61 58 61 58 61 58 61 58 61 58 61 58 61 58 61 58 61 58 61 1 1 1 1 1 1 1 61 58 61 58 61 58 61 58 61 58 61 58 61 58 61 58 61 58 61 58 61 58 61 58 61 58 61 58 61 58 61 58 61 58 61 58 61 58 61 58 61 58 61 58 61 58 61 58 61 58 61 58 61 58 61 58 61 58 61 58 61 58 61 58 61 58 61 58 61 58 61 58 61 58 61 58 61 58 61 58 61 58 15 15 15 15 15 15 15 58 61 58 61 58 61 58 61 58 61 58 61 58 61 58 61 58 61 58 61 58 61 58 61 58 61 58 61 58 61 58 61 58 61 58 61 58 61 58 61 58 61 58 61 58 61 58 61 58 61 58 61 58 61 58 61 58 61 58 61 58 61 58 61 58 61 58 61 58 61 58 61 58 61 58 61 58 61 58 61 58 
60 57 60 57 60 57 60 57 60 57 60 57 60 57 60 57 60 57 60 57 60 57 60 57 60 57 60 57 60 57 60 57 60 57 60 57 60 57 60 57 60 57 60 57 60 57 60 57 60 57 60 57 60 57 60 57 60 57 60 57 60 57 60 57 60 57 60 57 60 57 60 57 60 57 1 1 1 1 1 1 60 57 60 57 60 57 60 57 60 57 60 57 60 57 60 57 60 57 60 57 60 57 60 57 60 57 60 57 60 57 60 57 60 57 60 57 60 57 60 57 60 57 60 57 60 57 60 57 60 57 60 57 60 57 60 57 60 57 60 57 60 57 60 57 60 57 60 57 60 57 60 57 60 57 60 57 60 57 60 57 60 57 15 15 15 15 15 15 15 15 60 57 60 57 60 57 60 57 60 57 60 57 60 57 60 57 60 57 60 57 60 57 60 57 60 57 60 57 60 57 60 57 60 57 60 57 60 57 60 57 60 57 60 57 60 57 60 57 60 57 60 57 60 57 60 57 60 57 60 57 60 57 60 57 60 57 60 57 60 57 60 57 60 57 60 57 60 57 60 57 
62 59 62 59 62 59 62 59 62 59 62 59 62 59 62 59 62 59 62 59 62 59 62 59 62 59 62 59 62 59 62 59 62 59 62 59 62 59 62 59 62 59 62 59 62 59 62 59 62 59 62 59 62 59 62 59 62 59 62 59 62 59 62 59 62 59 62 59 62 59 62 59 62 59 1 1 1 1 1 1 1 1 62 59 62 59 62 59 62 59 62 59 62 59 62 59 62 59 62 59 62 59 62 59 62 59 62 59 62 59 62 59 62 59 62 59 62 59 62 59 62 59 62 59 62 59 62 59 62 59 62 59 62 59 62 59 62 59 62 59 62 59 62 59 62 59 62 59 62 59 62 59 62 59 62 59 62 59 62 59 62 59 62 15 15 15 15 15 15 15 15 15 62 59 62 59 62 59 62 59 62 59 62 59 62 59 62 59 62 59 62 59 62 59 62 59 62 59 62 59 62 59 62 59 62 59 62 59 62 59 62 59 62 59 62 59 62 59 62 59 62 59 62 59 62 59 62 59 62 59 62 59 62 59 62 59 62 59 62 59 62 59 62 59 62 59 62 59 62 59 
61 58 61 58 61 58 61 58 61 58 61 58 61 58 61 58 61 58 61 58 61 58 61 58 61 58 61 58 61 58 61 58 61 58 61 58 61 58 61 58 61 58 61 58 61 58 61 58 61 58 61 58 61 58 61 58 61 58 61 58 61 58 61 58 61 58 61 58 61 58 61 58 1 1 1 1 1 1 1 1 1 1 61 58 61 58 61 58 61 58 61 58 61 58 61 58 61 58 61 58 61 58 61 58 61 58 61 58 61 58 61 58 61 58 61 58 61 58 61 58 61 58 61 58 61 58 61 58 61 58 61 58 61 58 61 58 61 58 61 58 61 58 61 58 61 58 61 58 61 58 61 58 61 58 61 58 61 58 61 58 61 58 61 15 15 15 15 15 15 15 15 15 15 15 61 58 61 58 61 58 61 58 61 58 61 58 61 58 61 58 61 58 61 58 61 58 61 58 61 58 61 58 61 58 61 58 61 58 61 58 61 58 61 58 61 58 61 58 61 58 61 58 61 58 61 58 61 58 61 58 61 58 61 58 61 58 61 58 61 58 61 58 61 58 61 58 61 58 61 58 
60 57 60 57 60 57 60 57 60 57 60 57 60 57 60 57 60 57 60 57 60 57 60 57 60 57 60 57 60 57 60 57 60 57 60 57 60 57 60 57 60 57 60 57 60 57 60 57 60 57 60 57 60 57 60 57 60 57 60 57 60 57 60 57 60 57 60 57 60 57 60 57 1 1 1 1 1 1 1 1 1 1 60 57 60 57 60 57 60 57 60 57 60 57 60 57 60 57 60 57 60 57 60 57 60 57 60 57 60 57 60 57 60 57 60 57 60 57 60 57 60 57 60 57 60 57 60 57 60 57 60 57 60 57 60 57 60 57 60 57 60 57 60 57 60 57 60 57 60 57 60 57 60 57 60 57 60 57 60 57 60 57 60 57 15 15 15 15 15 15 15 15 15 15 60 57 60 57 60 57 60 57 60 57 60 57 60 57 60 57 60 57 60 57 60 57 60 57 60 57 60 57 60 57 60 57 60 57 60 57 60 57 60 57 60 57 60 57 60 57 60 57 60 57 60 57 60 57 60 57 60 57 60 57 60 57 60 57 60 57 60 57 60 57 60 57 60 57 60 57 
62 59 62 59 62 59 62 59 62 59 62 59 62 59 62 59 62 59 62 59 62 59 62 59 62 59 62 59 62 59 62 59 62 59 62 59 62 59 62 59 62 59 62 59 62 59 62 59 62 59 62 59 62 59 62 59 62 59 62 59 62 59 62 59 62 59 62 59 62 59 62 59 1 1 1 1 1 1 1 1 1 1 62 59 62 59 62 59 62 59 62 59 62 59 62 59 62 59 62 59 62 59 62 59 62 59 62 59 62 59 62 59 62 59 62 59 62 59 62 59 62 59 62 59 62 59 62 59 62 59 62 59 62 59 62 59 62 59 62 59 62 59 62 59 62 59 62 59 62 59 62 59 62 59 62 59 62 59 62 59 62 59 62 59 15 15 15 15 15 15 15 15 15 15 15 59 62 59 62 59 62 59 62 59 62 59 62 59 62 59 62 59 62 59 62 59 62 59 62 59 62 59 62 59 62 59 62 59 62 59 62 59 62 59 62 59 62 59 62 59 62 59 62 59 62 59 62 59 62 59 62 59 62 59 62 59 62 59 62 59 62 59 62 59 62 59 62 59 62 59 
61 58 61 58 61 58 61 58 61 58 61 58 61 58 61 58 61 58 61 58 61 58 61 58 61 58 61 58 61 58 61 58 61 58 61 58 61 58 61 58 61 58 61 58 61 58 61 58 61 58 61 58 61 58 61 58 61 58 61 58 61 58 61 58 61 58 61 58 61 58 61 58 1 1 1 1 1 1 1 1 1 1 61 58 61 58 61 58 61 58 61 58 61 58 61 58 61 58 61 58 61 58 61 58 61 58 61 58 61 58 61 58 61 58 61 58 61 58 61 58 61 58 61 58 61 58 61 58 61 58 61 58 61 58 61 58 61 58 61 58 61 58 61 58 61 58 61 58 61 58 61 58 61 58 61 58 61 58 61 58 61 58 61 58 61 58 61 15 15 15 15 15 15 15 15 15 61 58 61 58 61 58 61 58 61 58 61 58 61 58 61 58 61 58 61 58 61 58 61 58 61 58 61 58 61 58 61 58 61 58 61 58 61 58 61 58 61 58 61 58 61 58 61 58 61 58 61 58 61 58 61 58 61 58 61 58 61 58 61 58 61 58 61 58 61 58 61 58 61 58 
60 57 60 57 60 57 60 57 60 57 60 57 60 57 60 57 60 57 60 57 60 57 60 57 60 57 60 57 60 57 60 57 60 57 60 57 60 57 60 57 60 57 60 57 60 57 60 57 60 57 60 57 60 57 60 57 60 57 60 57 60 57 60 57 60 57 60 57 60 57 60 57 1 1 1 1 1 1 1 1 1 1 60 57 60 57 60 57 60 57 60 57 60 57 60 57 60 57 60 57 60 57 60 57 60 57 60 57 60 57 60 57 60 57 60 57 60 57 60 57 60 57 60 57 60 57 60 57 60 57 60 57 60 57 60 57 60 57 60 57 60 57 60 57 60 57 60 57 60 57 60 57 60 57 60 57 60 57 60 57 60 57 60 57 60 57 60 15 15 15 15 15 15 15 15 15 15 57 60 57 60 57 60 57 60 57 60 57 60 57 60 57 60 57 60 57 60 57 60 57 60 57 60 57 60 57 60 57 60 57 60 57 60 57 60 57 60 57 60 57 60 57 60 57 60 57 60 57 60 57 60 57 60 57 60 57 60 57 60 57 60 57 60 57 60 57 60 57 60 57 
62 59 62 59 62 59 62 59 62 59 62 59 62 59 62 59 62 59 62 59 62 59 62 59 62 59 62 59 62 59 62 59 62 59 62 59 62 59 62 59 62 59 62 59 62 59 62 59 62 59 62 59 62 59 62 59 62 59 62 59 62 59 62 59 62 59 62 59 62 59 62 59 62 59 1 1 1 1 1 1 62 59 62 59 62 59 62 59 62 59 62 59 62 59 62 59 62 59 62 59 62 59 62 59 62 59 62 59 62 59 62 59 62 59 62 59 62 59 62 59 62 59 62 59 62 59 62 59 62 59 62 59 62 59 62 59 62 59 62 59 62 59 62 59 62 59 62 59 62 59 62 59 62 59 62 59 62 59 62 59 62 59 62 59 62 59 62 59 15 15 15 15 15 15 15 15 15 59 62 59 62 59 62 59 62 59 62 59 62 59 62 59 62 59 62 59 62 59 62 59 62 59 62 59 62 59 62 59 62 59 62 59 62 59 62 59 62 59 62 59 62 59 62 59 62 59 62 59 62 59 62 59 62 59 62 59 62 59 62 59 62 59 62 59 62 59 62 59 62 59 
61 58 61 58 61 58 61 58 61 58 61 58 61 58 61 58 61 58 61 58 61 58 61 58 61 58 61 58 61 58 61 58 61 58 61 58 61 58 61 58 61 58 61 58 61 58 61 58 61 58 61 58 61 58 61 58 61 58 61 58 61 58 61 58 61 58 61 58 61 58 61 58 61 58 1 1 1 1 1 1 61 58 61 58 61 58 61 58 61 58 61 58 61 58 61 58 61 58 61 58 61 58 61 58 61 58 61 58 61 58 61 58 61 58 61 58 61 58 61 58 61 58 61 58 61 58 61 58 61 58 61 58 61 58 61 58 61 58 61 58 61 58 61 58 61 58 61 58 61 58 61 58 61 58 61 58 61 58 61 58 61 58 61 58 61 58 61 58 61 58 15 15 15 15 15 15 15 15 61 58 61 58 61 58 61 58 61 58 61 58 61 58 61 58 61 58 61 58 61 58 61 58 61 58 61 58 61 58 61 58 61 58 61 58 61 58 61 58 61 58 61 58 61 58 61 58 61 58 61 58 61 58 61 58 61 58 61 58 61 58 61 58 61 58 61 58 61 58 61 58 
60 57 60 57 60 57 60 57 60 57 60 57 60 57 60 57 60 57 60 57 60 57 60 57 60 57 60 57 60 57 60 57 60 57 60 57 60 57 60 57 60 57 60 57 60 57 60 57 60 57 60 57 60 57 60 57 60 57 60 57 60 57 60 57 60 57 60 57 60 57 60 57 60 57 1 1 1 1 1 1 60 57 60 57 60 57 60 57 60 57 60 57 60 57 60 57 60 57 60 57 60 57 60 57 60 57 60 57 60 57 60 57 60 57 60 57 60 57 60 57 60 57 60 57 60 57 60 57 60 57 60 57 60 57 60 57 60 57 60 57 60 57 60 57 60 57 60 57 60 57 60 57 60 57 60 57 60 57 60 57 60 57 60 57 60 57 60 57 60 57 15 15 15 15 15 15 15 15 60 57 60 57 60 57 60 57 60 57 60 57 60 57 60 57 60 57 60 57 60 57 60 57 60 57 60 57 60 57 60 57 60 57 60 57 60 57 60 57 60 57 60 57 60 57 60 57 60 57 60 57 60 57 60 57 60 57 60 57 60 57 60 57 60 57 60 57 60 57 60 57 
62 59 62 59 62 59 62 59 62 59 62 59 62 59 62 59 62 59 62 59 62 59 62 59 62 59 62 59 62 59 62 59 62 59 62 59 62 59 62 59 62 59 62 59 62 59 62 59 62 59 62 59 62 59 62 59 62 59 62 59 62 59 62 59 62 59 62 59 62 59 62 59 62 59 1 1 1 1 1 1 62 59 62 59 62 59 62 59 62 59 62 59 62 59 62 59 62 59 62 59 62 59 62 59 62 59 62 59 62 59 62 59 62 59 62 59 62 59 62 59 62 59 62 59 62 59 62 59 62 59 62 59 62 59 62 59 62 59 62 59 62 59 62 59 62 59 62 59 62 59 62 59 62 59 62 59 62 59 62 59 62 59 62 59 62 59 62 59 62 59 62 59 62 15 15 15 15 15 15 59 62 59 62 59 62 59 62 59 62 59 62 59 62 59 62 59 62 59 62 59 62 59 62 59 62 59 62 59 62 59 62 59 62 59 62 59 62 59 62 59 62 59 62 59 62 59 62 59 62 59 62 59 62 59 62 59 62 59 62 59 62 59 62 59 62 59 62 59 62 59 
61 58 61 58 61 58 61 58 61 58 61 58 61 58 61 58 61 58 61 58 61 58 61 58 61 58 61 58 61 58 61 58 61 58 61 58 61 58 61 58 61 58 61 58 61 58 61 58 61 58 61 58 61 58 61 58 61 58 61 58 61 58 61 58 61 58 61 58 61 58 61 58 61 58 1 1 1 1 1 1 61 58 61 58 61 58 61 58 61 58 61 58 61 58 61 58 61 58 61 58 61 58 61 58 61 58 61 58 61 58 61 58 61 58 61 58 61 58 61 58 61 58 61 58 61 58 61 58 61 58 61 58 61 58 61 58 61 58 61 58 61 58 61 58 61 58 61 58 61 58 61 58 61 58 61 58 61 58 61 58 61 58 61 58 61 58 61 58 61 58 61 58 15 15 15 15 15 15 15 15 61 58 61 58 61 58 61 58 61 58 61 58 61 58 61 58 61 58 61 58 61 58 61 58 61 58 61 58 61 58 61 58 61 58 61 58 61 58 61 58 61 58 61 58 61 58 61 58 61 58 61 58 61 58 61 58 61 58 61 58 61 58 61 58 61 58 61 58 61 58 
60 57 60 57 60 57 60 57 60 57 60 57 60 57 60 57 60 57 60 57 60 57 60 57 60 57 60 57 60 57 60 57 60 57 60 57 60 57 60 57 60 57 60 57 60 57 60 57 60 57 60 57 60 57 60 57 60 57 60 57 60 57 60 57 60 57 60 57 60 57 60 57 60 57 1 1 1 1 1 1 60 57 60 57 60 57 60 57 60 57 60 57 60 57 60 57 60 57 60 57 60 57 60 57 60 57 60 57 60 57 60 57 60 57 60 57 60 57 60 57 60 57 60 57 60 57 60 57 60 57 60 57 60 57 60 57 60 57 60 57 60 57 60 57 60 57 60 57 60 57 60 57 60 57 60 57 60 57 60 57 60 57 60 57 60 57 60 57 60 57 60 57 60 15 15 15 15 15 15 15 60 57 60 57 60 57 60 57 60 57 60 57 60 57 60 57 60 57 60 57 60 57 60 57 60 57 60 57 60 57 60 57 60 57 60 57 60 57 60 57 60 57 60 57 60 57 60 57 60 57 60 57 60 57 60 57 60 57 60 57 60 57 60 57 60 57 60 57 60 57 
62 59 62 59 62 59 62 59 62 59 62 59 62 59 62 59 62 59 62 59 62 59 62 59 62 59 62 59 62 59 62 59 62 59 62 59 62 59 62 59 62 59 62 59 62 59 62 59 62 59 62 59 62 59 62 59 62 59 62 59 62 59 62 59 62 59 62 59 62 59 62 59 62 59 1 1 1 1 1 1 62 59 62 59 62 59 62 59 62 59 62 59 62 59 62 59 62 59 62 59 62 59 62 59 62 59 62 59 62 59 62 59 62 59 62 59 62 59 62 59 62 59 62 59 62 59 62 59 62 59 62 59 62 59 62 59 62 59 62 59 62 59 62 59 62 59 62 59 62 59 62 59 62 59 62 59 62 59 62 59 62 59 62 59 62 59 62 59 62 59 62 59 62 59 15 15 15 15 15 15 62 59 62 59 62 59 62 59 62 59 62 59 62 59 62 59 62 59 62 59 62 59 62 59 62 59 62 59 62 59 62 59 62 59 62 59 62 59 62 59 62 59 62 59 62 59 62 59 62 59 62 59 62 59 62 59 62 59 62 59 62 59 62 59 62 59 62 59 62 59 
61 58 61 58 61 58 61 58 61 58 61 58 61 58 61 58 61 58 61 58 61 58 61 58 61 58 61 58 61 58 61 58 61 58 61 58 61 58 61 58 61 58 61 58 61 58 61 58 61 58 61 58 61 58 61 58 61 58 61 58 61 58 61 58 61 58 61 58 61 58 61 58 61 58 1 1 1 1 1 1 61 58 61 58 61 58 61 58 61 58 61 58 61 58 61 58 61 58 61 58 61 58 61 58 61 58 61 58 61 58 61 58 61 58 61 58 61 58 61 58 61 58 61 58 61 58 61 58 61 58 61 58 61 58 61 58 61 58 61 58 61 58 61 58 61 58 61 58 61 58 61 58 61 58 61 58 61 58 61 58 61 58 61 58 61 58 61 58 61 58 61 58 61 58 15 15 15 15 15 15 15 58 61 58 61 58 61 58 61 58 61 58 61 58 61 58 61 58 61 58 61 58 61 58 61 58 61 58 61 58 61 58 61 58 61 58 61 58 61 58 61 58 61 58 61 58 61 58 61 58 61 58 61 58 61 58 61 58 61 58 61 58 61 58 61 58 61 58 61 58 
60 57 60 57 60 57 60 57 60 57 60 57 60 57 60 57 60 57 60 57 60 57 60 57 60 57 60 57 60 57 60 57 60 57 60 57 60 57 60 57 60 57 60 57 60 57 60 57 60 57 60 57 60 57 60 57 60 57 60 57 60 57 60 57 60 57 60 57 60 57 60 57 60 57 1 1 1 1 1 1 60 57 60 57 60 57 60 57 60 57 60 57 60 57 60 57 60 57 60 57 60 57 60 57 60 57 60 57 60 57 60 57 60 57 60 57 60 57 60 57 60 57 60 57 60 57 60 57 60 57 60 57 60 57 60 57 60 57 60 57 60 57 60 57 60 57 60 57 60 57 60 57 60 57 60 57 60 57 60 57 60 57 60 57 60 57 60 57 60 57 60 57 60 57 60 15 15 15 15 15 15 15 15 57 60 57 60 57 60 57 60 57 60 57 60 57 60 57 60 57 60 57 60 57 60 57 60 57 60 57 60 57 60 57 60 57 60 57 60 57 60 57 60 57 60 57 60 57 60 57 60 57 60 57 60 57 60 57 60 57 60 57 60 57 60 57 60 57 60 57 
62 59 62 59 62 59 62 59 62 59 62 59 62 59 62 59 62 59 62 59 62 59 62 59 62 59 62 59 62 59 62 59 62 59 62 59 62 59 62 59 62 59 62 59 62 59 62 59 62 59 62 59 62 59 62 59 62 59 62 59 62 59 62 59 62 59 62 59 62 59 62 59 62 59 1 1 1 1 1 1 62 59 62 59 62 59 62 59 62 59 62 59 62 59 62 59 62 59 62 59 62 59 62 59 62 59 62 59 62 59 62 59 62 59 62 59 62 59 62 59 62 59 62 59 62 59 62 59 62 59 62 59 62 59 62 59 62 59 62 59 62 59 62 59 62 59 62 59 62 59 62 59 62 59 62 59 62 59 62 59 62 59 62 59 62 59 62 59 62 59 62 59 62 59 62 59 15 15 15 15 15 15 15 59 62 59 62 59 62 59 62 59 62 59 62 59 62 59 62 59 62 59 62 59 62 59 62 59 62 59 62 59 62 59 62 59 62 59 62 59 62 59 62 59 62 59 62 59 62 59 62 59 62 59 62 59 62 59 62 59 62 59 62 59 62 59 62 59 62 59 
61 58 61 58 61 58 61 58 61 58 61 58 61 58 61 58 61 58 61 58 61 58 61 58 61 58 61 58 61 58 61 58 61 58 61 58 61 58 61 58 61 58 61 58 61 58 61 58 61 58 61 58 61 58 61 58 61 58 61 58 61 58 61 58 61 58 61 58 61 58 61 58 61 58 1 1 1 1 1 1 61 58 61 58 61 58 61 58 61 58 61 58 61 58 61 58 61 58 61 58 61 58 61 58 61 58 61 58 61 58 61 58 61 58 61 58 61 58 61 58 61 58 61 58 61 58 61 58 61 58 61 58 61 58 61 58 61 58 61 58 61 58 61 58 61 58 61 58 61 58 61 58 61 58 61 58 61 58 61 58 61 58 61 58 61 58 61 58 61 58 61 58 61 58 61 58 61 15 15 15 15 15 15 58 61 58 61 58 61 58 61 58 61 58 61 58 61 58 61 58 61 58 61 58 61 58 61 58 61 58 61 58 61 58 61 58 61 58 61 58 61 58 61 58 61 58 61 58 61 58 61 58 61 58 61 58 61 58 61 58 61 58 61 58 61 58 61 58 61 58 
60 57 60 57 60 57 60 57 60 57 60 57 60 57 60 57 60 57 60 57 60 57 60 57 60 57 60 57 60 57 60 57 60 57 60 57 60 57 60 57 60 57 60 57 60 57 60 57 60 57 60 57 60 57 60 57 60 57 60 57 60 57 60 57 60 57 60 57 60 57 60 57 60 57 1 1 1 1 1 1 60 57 60 57 60 57 60 57 60 57 60 57 60 57 60 57 60 57 60 57 60 57 60 57 60 57 60 57 60 57 60 57 60 57 60 57 60 57 60 57 60 57 60 57 60 57 60 57 60 57 60 57 60 57 60 57 60 57 60 57 60 57 60 57 60 57 60 57 60 57 60 57 60 57 60 57 60 57 60 57 60 57 60 57 60 57 60 57 60 57 60 57 60 57 60 57 60 57 15 15 15 15 15 15 15 57 60 57 60 57 60 57 60 57 60 57 60 57 60 57 60 57 60 57 60 57 60 57 60 57 60 57 60 57 60 57 60 57 60 57 60 57 60 57 60 57 60 57 60 57 60 57 60 57 60 57 60 57 60 57 60 57 60 57 60 57 60 57 60 57 
62 59 62 59 62 59 62 59 62 59 62 59 62 59 62 59 62 59 62 59 62 59 62 59 62 59 62 59 62 59 62 59 62 59 62 59 62 59 62 59 62 59 62 59 62 59 62 59 62 59 62 59 62 59 62 59 62 59 62 59 62 59 62 59 62 59 62 59 62 59 62 59 62 59 62 59 62 59 62 59 62 59 62 59 62 59 62 59 62 59 62 59 62 59 62 59 62 59 62 59 62 59 62 59 62 59 62 59 62 59 62 59 62 59 62 59 62 59 62 59 62 59 62 59 62 59 62 59 62 59 62 59 62 59 62 59 62 59 62 59 62 59 62 59 62 59 62 59 62 59 62 59 62 59 62 59 62 59 62 59 62 59 62 59 62 59 62 59 62 59 62 59 62 59 62 59 62 59 62 15 15 15 15 15 15 15 15 15 62 59 62 59 62 59 62 59 62 59 62 59 62 59 62 59 62 59 62 59 62 59 62 59 62 59 62 59 62 59 62 59 62 59 62 59 62 59 62 59 62 59 62 59 62 59 62 59 62 59 62 59 62 59 62 59 62 59 62 59 62 59 
61 58 61 58 61 58 61 58 61 58 61 58 61 58 61 58 61 58 61 58 61 58 61 58 61 58 61 58 61 58 61 58 61 58 61 58 61 58 61 58 61 58 61 58 61 58 61 58 61 58 61 58 61 58 61 58 61 58 61 58 61 58 61 58 61 58 61 58 61 58 61 58 61 58 61 58 61 58 61 58 61 58 61 58 61 58 61 58 61 58 61 58 61 58 61 58 61 58 61 58 61 58 61 58 61 58 61 58 61 58 61 58 61 58 61 58 61 58 61 58 61 58 61 58 61 58 61 58 61 58 61 58 61 58 61 58 61 58 61 58 61 58 61 58 61 58 61 58 61 58 61 58 61 58 61 58 61 58 61 58 61 58 61 58 61 58 61 58 61 58 61 58 61 58 61 58 61 58 61 58 61 15 15 15 15 15 15 15 15 58 61 58 61 58 61 58 61 58 61 58 61 58 61 58 61 58 61 58 61 58 61 58 61 58 61 58 61 58 61 58 61 58 61 58 61 58 61 58 61 58 61 58 61 58 61 58 61 58 61 58 61 58 61 58 61 58 61 58 61 58 
60 57 60 57 60 57 60 57 60 57 60 57 60 57 60 57 60 57 60 57 60 57 60 57 60 57 60 57 60 57 60 57 60 57 60 57 60 57 60 57 60 57 60 57 60 57 60 57 60 57 60 57 60 57 60 57 60 57 60 57 60 57 60 57 60 57 60 57 60 57 60 57 60 57 60 57 60 57 60 57 60 57 60 57 60 57 60 57 60 57 60 57 60 57 60 57 60 57 60 57 60 57 60 57 60 57 60 57 60 57 60 57 60 57 60 57 60 57 60 57 60 57 60 57 60 57 60 57 60 57 60 57 60 57 60 57 60 57 60 57 60 57 60 57 60 57 60 57 60 57 60 57 60 57 60 57 60 57 60 57 60 57 60 57 60 57 60 57 60 57 60 57 60 57 60 57 60 57 60 57 60 57 15 15 15 15 15 15 15 57 15 57 60 57 60 57 60 57 60 57 60 57 60 57 60 57 60 57 60 57 60 57 60 57 60 57 60 57 60 57 60 57 60 57 60 57 60 57 60 57 60 57 60 57 60 57 60 57 60 57 60 57 60 57 60 57 60 57 60 57 
62 59 62 59 62 59 62 59 62 59 62 59 62 59 62 59 62 59 62 59 62 59 62 59 62 59 62 59 62 59 62 59 62 59 62 59 62 59 62 59 62 59 62 59 62 59 62 59 62 59 62 59 62 59 62 59 62 59 62 59 62 59 62 59 62 59 62 59 62 59 62 59 62 59 62 59 62 59 62 59 62 59 62 59 62 59 62 59 62 59 62 59 62 59 62 59 62 59 62 59 62 59 62 59 62 59 62 59 62 59 62 59 62 59 62 59 62 59 62 59 62 59 62 59 62 59 62 59 62 59 62 59 62 59 62 59 62 59 62 59 62 59 62 59 62 59 62 59 62 59 62 59 62 59 62 59 62 59 62 59 62 59 62 59 62 59 62 59 62 59 62 59 62 59 62 59 62 59 62 59 62 59 62 15 15 15 15 15 15 15 15 59 62 59 62 59 62 59 62 59 62 59 62 59 62 59 62 59 62 59 62 59 62 59 62 59 62 59 62 59 62 59 62 59 62 59 62 59 62 59 62 59 62 59 62 59 62 59 62 59 62 59 62 59 62 59 62 59 62 59 
61 58 61 58 61 58 61 58 61 58 61 58 61 58 61 58 61 58 61 58 61 58 61 58 61 58 61 58 61 58 61 58 61 58 61 58 61 58 61 58 61 58 61 58 61 58 61 58 61 58 61 58 61 58 61 58 61 58 61 58 61 58 61 58 61 58 61 58 61 58 61 58 61 58 61 58 61 58 61 58 61 58 61 58 61 58 61 58 61 58 61 58 61 58 61 58 61 58 61 58 61 58 61 58 61 58 61 58 61 58 61 58 61 58 61 58 61 58 61 58 61 58 61 58 61 58 61 58 61 58 61 58 61 58 61 58 61 58 61 58 61 58 61 58 61 58 61 58 61 58 61 58 61 58 61 58 61 58 61 58 61 58 61 58 61 58 61 58 61 58 61 58 61 58 61 58 61 58 61 58 61 58 61 15 15 15 15 15 15 15 15 15 15 15 61 58 61 58 61 58 61 58 61 58 61 58 61 58 61 58 61 58 61 58 61 58 61 58 61 58 61 58 61 58 61 58 61 58 61 58 61 58 61 58 61 58 61 58 61 58 61 58 61 58 61 58 61 58 61 58 
60 57 60 57 60 57 60 57 60 57 60 57 60 57 60 57 60 57 60 57 60 57 60 57 60 57 60 57 60 57 60 57 60 57 60 57 60 57 60 57 60 57 60 57 60 57 60 57 60 57 60 57 60 57 60 57 60 57 60 57 60 57 60 57 60 57 60 57 60 57 60 57 60 57 60 57 60 57 60 57 60 57 60 57 60 57 60 57 60 57 60 57 60 57 60 57 60 57 60 57 60 57 60 57 60 57 60 57 60 57 60 57 60 57 60 57 60 57 60 57 60 57 60 57 60 57 60 57 60 57 60 57 60 57 60 57 60 57 60 57 60 57 60 57 60 57 60 57 60 57 60 57 60 57 60 57 60 57 60 57 60 57 60 57 60 57 60 57 60 57 60 57 60 57 60 57 60 57 60 57 60 57 60 15 15 15 15 15 15 15 15 15 15 15 15 15 15 15 15 57 60 57 60 57 60 57 60 57 60 57 60 57 60 57 60 57 60 57 60 57 60 57 60 57 60 57 60 57 60 57 60 57 60 57 60 57 60 57 60 57 60 57 60 57 60 57 60 57 60 57 
62 59 62 59 62 59 62 59 62 59 62 59 62 59 62 59 62 59 62 59 62 59 62 59 62 59 62 59 62 59 62 59 62 59 62 59 62 59 62 59 62 59 62 59 62 59 62 59 62 59 62 59 62 59 62 59 62 59 62 59 62 59 62 59 62 59 62 59 62 59 62 59 62 59 62 59 62 59 62 59 62 59 62 59 62 59 62 59 62 59 62 59 62 59 62 59 62 59 62 59 62 59 62 59 62 59 62 59 62 59 62 59 62 59 62 59 62 59 62 59 62 59 62 59 62 59 62 59 62 59 62 59 62 59 62 59 62 59 62 59 62 59 62 59 62 59 62 59 62 59 62 59 62 59 62 59 62 59 62 59 62 59 62 59 62 59 62 59 62 59 62 59 62 59 62 59 62 59 62 59 62 59 62 59 15 15 15 15 15 15 15 15 15 15 15 15 15 15 15 15 62 59 62 59 62 59 62 59 62 59 62 59 62 59 62 59 62 59 62 59 62 59 62 59 62 59 62 59 62 59 62 59 62 59 62 59 62 59 62 59 62 59 62 59 62 59 62 59 62 59 
61 58 61 58 61 58 61 58 61 58 61 58 61 58 61 58 61 58 61 58 61 58 61 58 61 58 61 58 61 58 61 58 61 58 61 58 61 58 61 58 61 58 61 58 61 58 61 58 61 58 61 58 61 58 61 58 61 58 61 58 61 58 61 58 61 58 61 58 61 58 61 58 61 58 61 58 61 58 61 58 61 58 61 58 61 58 61 58 61 58 61 58 61 58 61 58 61 58 61 58 61 58 61 58 61 58 61 58 61 58 61 58 61 58 61 58 61 58 61 58 61 58 61 58 61 58 61 58 61 58 61 58 61 58 61 58 61 58 61 58 61 58 61 58 61 58 61 58 61 58 61 58 61 58 61 58 61 58 61 58 61 58 61 58 61 58 61 58 61 58 61 58 61 58 61 58 61 58 61 58 61 58 61 58 61 58 61 58 61 15 15 15 15 15 15 15 15 15 15 15 61 15 61 58 61 58 61 58 61 58 61 58 61 58 61 58 61 58 61 58 61 58 61 58 61 58 61 58 61 58 61 58 61 58 61 58 61 58 61 58 61 58 61 58 61 58 61 58 61 58 
60 57 60 57 60 57 60 57 60 57 60 57 60 57 60 57 60 57 60 57 60 57 60 57 60 57 60 57 60 57 60 57 60 57 60 57 60 57 60 57 60 57 60 57 60 57 60 57 60 57 60 57 60 57 60 57 60 57 60 57 60 57 60 57 60 57 60 57 60 57 60 57 60 57 60 57 60 57 60 57 60 57 60 57 60 57 60 57 60 57 60 57 60 57 60 57 60 57 60 57 60 57 60 57 60 57 60 57 60 57 60 57 60 57 60 57 60 57 60 57 60 57 60 57 60 57 60 57 60 57 60 57 60 57 60 57 60 57 60 57 60 57 60 57 60 57 60 57 60 57 60 57 60 57 60 57 60 57 60 57 60 57 60 57 60 57 60 57 60 57 60 57 60 57 60 57 60 57 60 57 60 57 60 57 60 57 60 57 60 15 15 15 15 15 15 15 15 15 15 15 60 57 60 57 60 57 60 57 60 57 60 57 60 57 60 57 60 57 60 57 60 57 60 57 60 57 60 57 60 57 60 57 60 57 60 57 60 57 60 57 60 57 60 57 60 57 60 57 60 57 
62 59 62 59 62 59 62 59 62 59 62 59 62 59 62 59 62 59 62 59 62 59 62 59 62 59 62 59 62 59 62 59 62 59 62 59 62 59 62 59 62 59 62 59 62 59 62 59 62 59 62 59 62 59 62 59 62 59 62 59 62 59 62 59 62 59 62 59 62 59 62 59 62 59 62 59 62 59 62 59 62 59 62 59 62 59 62 59 62 59 62 59 62 59 62 59 62 59 62 59 62 59 62 59 62 59 62 59 62 59 62 59 62 59 62 59 62 59 62 59 62 59 62 59 62 59 62 59 62 59 62 59 62 59 62 59 62 59 62 59 62 59 62 59 62 59 62 59 62 59 62 59 62 59 62 59 62 59 62 59 62 59 62 59 62 59 62 59 62 59 62 59 62 59 62 59 62 59 62 59 62 59 62 59 62 59 62 59 62 59 62 15 15 15 15 15 15 15 15 15 15 59 62 59 62 59 62 59 62 59 62 59 62 59 62 59 62 59 62 59 62 59 62 59 62 59 62 59 62 59 62 59 62 59 62 59 62 59 62 59 62 59 62 59 62 59 62 59 62 59 
61 58 61 58 61 58 61 58 61 58 61 58 61 58 61 58 61 58 61 58 61 58 61 58 61 58 61 58 61 58 61 58 61 58 61 58 61 58 61 58 61 58 61 58 61 58 61 58 61 58 61 58 61 58 61 58 61 58 61 58 61 58 61 58 61 58 61 58 61 58 61 58 61 58 61 58 61 58 61 58 61 58 61 58 61 58 61 58 61 58 61 58 61 58 61 58 61 58 61 58 61 58 61 58 61 58 61 58 61 58 61 58 61 58 61 58 61 58 61 58 61 58 61 58 61 58 61 58 61 58 61 58 61 58 61 58 61 58 61 58 61 58 61 58 61 58 61 58 61 58 61 58 61 58 61 58 61 58 61 58 61 58 61 58 61 58 61 58 61 58 61 58 61 58 61 58 61 58 61 58 61 58 61 58 61 58 61 58 61 58 61 15 15 15 15 15 15 15 15 15 15 15 61 15 61 58 61 58 61 58 61 58 61 58 61 58 61 58 61 58 61 58 61 58 61 58 61 58 61 58 61 58 61 58 61 58 61 58 61 58 61 58 61 58 61 58 61 58 61 58 
60 57 60 57 60 57 60 57 60 57 60 57 60 57 60 57 60 57 60 57 60 57 60 57 60 57 60 57 60 57 60 57 60 57 60 57 60 57 60 57 60 57 60 57 60 57 60 57 60 57 60 57 60 57 60 57 60 57 60 57 60 57 60 57 60 57 60 57 60 57 60 57 60 57 60 57 60 57 60 57 60 57 60 57 60 57 60 57 60 57 60 57 60 57 60 57 60 57 60 57 60 57 60 57 60 57 60 57 60 57 60 57 60 57 60 57 60 57 60 57 60 57 60 57 60 57 60 57 60 57 60 57 60 57 60 57 60 57 60 57 60 57 60 57 60 57 60 57 60 57 60 57 60 57 60 57 60 57 60 57 60 57 60 57 60 57 60 57 60 57 60 57 60 57 60 57 60 57 60 57 60 57 60 57 60 57 60 57 60 57 60 57 60 57 60 15 15 15 15 15 15 15 15 15 60 57 60 57 60 57 60 57 60 57 60 57 60 57 60 57 60 57 60 57 60 57 60 57 60 57 60 57 60 57 60 57 60 57 60 57 60 57 60 57 60 57 60 57 60 57 
62 59 62 59 62 59 62 59 62 59 62 59 62 59 62 59 62 59 62 59 62 59 62 59 62 59 62 59 62 59 62 59 62 59 62 59 62 59 62 59 62 59 62 59 62 59 62 59 62 59 62 59 62 59 62 59 62 59 62 59 62 59 62 59 62 59 62 59 62 59 62 59 62 59 62 59 62 59 62 59 62 59 62 59 62 59 62 59 62 59 62 59 62 59 62 59 62 59 62 59 62 59 62 59 62 59 62 59 62 59 62 59 62 59 62 59 62 59 62 59 62 59 62 59 62 59 62 59 62 59 62 59 62 59 62 59 62 59 62 59 62 59 62 59 62 59 62 59 62 59 62 59 62 59 62 59 62 59 62 59 62 59 62 59 62 59 62 59 62 59 62 59 62 59 62 59 62 59 62 59 62 59 62 59 62 59 62 59 62 59 62 59 62 59 62 59 15 15 15 15 15 15 15 15 15 59 62 59 62 59 62 59 62 59 62 59 62 59 62 59 62 59 62 59 62 59 62 59 62 59 62 59 62 59 62 59 62 59 62 59 62 59 62 59 62 59 62 59 62 59 
61 58 61 58 61 58 61 58 61 58 61 58 61 58 61 58 61 58 61 58 61 58 61 58 61 58 61 58 61 58 61 58 61 58 61 58 61 58 61 58 61 58 61 58 61 58 61 58 61 58 61 58 61 58 61 58 61 58 61 58 61 58 61 58 61 58 61 58 61 58 61 58 61 58 61 58 61 58 61 58 61 58 61 58 61 58 61 58 61 58 61 58 61 58 61 58 61 58 61 58 61 58 61 58 61 58 61 58 61 58 61 58 61 58 61 58 61 58 61 58 61 58 61 58 61 58 61 58 61 58 61 58 61 58 61 58 61 58 61 58 61 58 61 58 61 58 61 58 61 58 61 58 61 58 61 58 61 58 61 58 61 58 61 58 61 58 61 58 61 58 61 58 61 58 61 58 61 58 61 58 61 58 61 58 61 58 61 58 61 58 61 58 61 58 61 58 61 15 15 15 15 15 15 15 15 15 61 58 61 15 61 58 61 58 61 58 61 58 61 58 61 58 61 58 61 58 61 58 61 58 61 58 61 58 61 58 61 58 61 58 61 58 61 58 61 58 61 58 61 58 
60 57 60 57 60 57 60 57 60 57 60 57 60 57 60 57 60 57 60 57 60 57 60 57 60 57 60 57 60 57 60 57 60 57 60 57 60 57 60 57 60 57 60 57 60 57 60 57 60 57 60 57 60 57 60 57 60 57 60 57 60 57 60 57 60 57 60 57 60 57 60 57 60 57 60 57 60 57 60 57 60 57 60 57 60 57 60 57 60 57 60 57 60 57 60 57 60 57 60 57 60 57 60 57 60 57 60 57 60 57 60 57 60 57 60 57 60 57 60 57 60 57 60 57 60 57 60 57 60 57 60 57 60 57 60 57 60 57 60 57 60 57 60 57 60 57 60 57 60 57 60 57 60 57 60 57 60 57 60 57 60 57 60 57 60 57 60 57 60 57 60 57 60 57 60 57 60 57 60 57 60 57 60 57 60 57 60 57 60 57 60 57 60 57 60 57 60 57 15 15 15 15 15 15 15 15 15 15 60 15 60 57 60 57 60 57 60 57 60 57 60 57 60 57 60 57 60 57 60 57 60 57 60 57 60 57 60 57 60 57 60 57 60 57 60 57 60 57 60 57 
62 59 62 59 62 59 62 59 62 59 62 59 62 59 62 59 62 59 62 59 62 59 62 59 62 59 62 59 62 59 62 59 62 59 62 59 62 59 62 59 62 59 62 59 62 59 62 59 62 59 62 59 62 59 62 59 62 59 62 59 62 59 62 59 62 59 62 59 62 59 62 59 62 59 62 59 62 59 62 59 62 59 62 59 62 59 62 59 62 59 62 59 62 59 62 59 62 59 62 59 62 59 62 59 62 59 62 59 62 59 62 59 62 59 62 59 62 59 62 59 62 59 62 59 62 59 62 59 62 59 62 59 62 59 62 59 62 59 62 59 62 59 62 59 62 59 62 59 62 59 62 59 62 59 62 59 62 59 62 59 62 59 62 59 62 59 62 59 62 59 62 59 62 59 62 59 62 59 62 59 62 59 62 59 62 59 62 59 62 59 62 59 62 59 62 59 62 59 62 59 15 15 15 15 15 15 15 15 15 15 15 15 62 59 62 59 62 59 62 59 62 59 62 59 62 59 62 59 62 59 62 59 62 59 62 59 62 59 62 59 62 59 62 59 62 59 62 59 62 59 
61 58 61 58 61 58 61 58 61 58 61 58 61 58 61 58 61 58 61 58 61 58 61 58 61 58 61 58 61 58 61 58 61 58 61 58 61 58 61 58 61 58 61 58 61 58 61 58 61 58 61 58 61 58 61 58 61 58 61 58 61 58 61 58 61 58 61 58 61 58 61 58 61 58 61 58 61 58 61 58 61 58 61 58 61 58 61 58 61 58 61 58 61 58 61 58 61 58 61 58 61 58 61 58 61 58 61 58 61 58 61 58 61 58 61 58 61 58 61 58 61 58 61 58 61 58 61 58 61 58 61 58 61 58 61 58 61 58 61 58 61 58 61 58 61 58 61 58 61 58 61 58 61 58 61 58 61 58 61 58 61 58 61 58 61 58 61 58 61 58 61 58 61 58 61 58 61 58 61 58 61 58 61 58 61 58 61 58 61 58 61 58 61 58 61 58 61 58 61 58 61 15 15 15 15 15 15 15 15 15 15 15 15 15 61 58 61 58 61 58 61 58 61 58 61 58 61 58 61 58 61 58 61 58 61 58 61 58 61 58 61 58 61 58 61 58 61 58 61 58 
60 57 60 57 60 57 60 57 60 57 60 57 60 57 60 57 60 57 60 57 60 57 60 57 60 57 60 57 60 57 60 57 60 57 60 57 60 57 60 57 60 57 60 57 60 57 60 57 60 57 60 57 60 57 60 57 60 57 60 57 60 57 60 57 60 57 60 57 60 57 60 57 60 57 60 57 60 57 60 57 60 57 60 57 60 57 60 57 60 57 60 57 60 57 60 57 60 57 60 57 60 57 60 57 60 57 60 57 60 57 60 57 60 57 60 57 60 57 60 57 60 57 60 57 60 57 60 57 60 57 60 57 60 57 60 57 60 57 60 57 60 57 60 57 60 57 60 57 60 57 60 57 60 57 60 57 60 57 60 57 60 57 60 57 60 57 60 57 60 57 60 57 60 57 60 57 60 57 60 57 60 57 60 57 60 57 60 57 60 57 60 57 60 57 60 57 60 57 60 57 60 57 60 15 15 15 15 15 15 15 15 15 15 15 15 57 60 57 60 57 60 57 60 57 60 57 60 57 60 57 60 57 60 57 60 57 60 57 60 57 60 57 60 57 60 57 60 57 60 57 
62 59 62 59 62 59 62 59 62 59 62 59 62 59 62 59 62 59 62 59 62 59 62 59 62 59 62 59 62 59 62 59 62 59 62 59 62 59 62 59 62 59 62 59 62 59 62 59 62 59 62 59 62 59 62 59 62 59 62 59 62 59 62 59 62 59 62 59 62 59 62 59 62 59 62 59 62 59 62 59 62 59 62 59 62 59 62 59 62 59 62 59 62 59 62 59 62 59 62 59 62 59 62 59 62 59 62 59 62 59 62 59 62 59 62 59 62 59 62 59 62 59 62 59 62 59 62 59 62 59 62 59 62 59 62 59 62 59 62 59 62 59 62 59 62 59 62 59 62 59 62 59 62 59 62 59 62 59 62 59 62 59 62 59 62 59 62 59 62 59 62 59 62 59 62 59 62 59 62 59 62 59 62 59 62 59 62 59 62 59 62 59 62 59 62 59 62 59 62 59 62 59 62 15 15 15 15 15 15 15 15 15 15 15 62 59 62 59 62 59 62 59 62 59 62 59 62 59 62 59 62 59 62 59 62 59 62 59 62 59 62 59 62 59 62 59 62 59 62 59 
61 58 61 58 61 58 61 58 61 58 61 58 61 58 61 58 61 58 61 58 61 58 61 58 61 58 61 58 61 58 61 58 61 58 61 58 61 58 61 58 61 58 61 58 61 58 61 58 61 58 61 58 61 58 61 58 61 58 61 58 61 58 61 58 61 58 61 58 61 58 61 58 61 58 61 58 61 58 61 58 61 58 61 58 61 58 61 58 61 58 61 58 61 58 61 58 61 58 61 58 61 58 61 58 61 58 61 58 61 58 61 58 61 58 61 58 61 58 61 58 61 58 61 58 61 58 61 58 61 58 61 58 61 58 61 58 61 58 61 58 61 58 61 58 61 58 61 58 61 58 61 58 61 58 61 58 61 58 61 58 61 58 61 58 61 58 61 58 61 58 61 58 61 58 61 58 61 58 61 58 61 58 61 58 61 58 61 58 61 58 61 58 61 58 61 58 61 58 61 58 61 58 61 58 61 58 61 15 15 15 15 15 15 15 15 58 61 58 61 58 61 58 61 58 61 58 61 58 61 58 61 58 61 58 61 58 61 58 61 58 61 58 61 58 61 58 61 58 61 58 
60 57 60 57 60 57 60 57 60 57 60 57 60 57 60 57 60 57 60 57 60 57 60 57 60 57 60 57 60 57 60 57 60 57 60 57 60 57 60 57 60 57 60 57 60 57 60 57 60 57 60 57 60 57 60 57 60 57 60 57 60 57 60 57 60 57 60 57 60 57 60 57 60 57 60 57 60 57 60 57 60 57 60 57 60 57 60 57 60 57 60 57 60 57 60 57 60 57 60 57 60 57 60 57 60 57 60 57 60 57 60 57 60 57 60 57 60 57 60 57 60 57 60 57 60 57 60 57 60 57 60 57 60 57 60 57 60 57 60 57 60 57 60 57 60 57 60 57 60 57 60 57 60 57 60 57 60 57 60 57 60 57 60 57 60 57 60 57 60 57 60 57 60 57 60 57 60 57 60 57 60 57 60 57 60 57 60 57 60 57 60 57 60 57 60 57 60 57 60 57 60 57 60 57 60 57 60 57 15 15 15 15 15 15 15 15 15 57 60 57 60 57 60 57 60 57 60 57 60 57 60 57 60 57 60 57 60 57 60 57 60 57 60 57 60 57 60 57 60 57 
62 59 62 59 62 59 62 59 62 59 62 59 62 59 62 59 62 59 62 59 62 59 62 59 62 59 62 59 62 59 62 59 62 59 62 59 62 59 62 59 62 59 62 59 62 59 62 59 62 59 62 59 62 59 62 59 62 59 62 59 62 59 62 59 62 59 62 59 62 59 62 59 62 59 62 59 62 59 62 59 62 59 62 59 62 59 62 59 62 59 62 59 62 59 62 59 62 59 62 59 62 59 62 59 62 59 62 59 62 59 62 59 62 59 62 59 62 59 62 59 62 59 62 59 62 59 62 59 62 59 62 59 62 59 62 59 62 59 62 59 62 59 62 59 62 59 62 59 62 59 62 59 62 59 62 59 62 59 62 59 62 59 62 59 62 59 62 59 62 59 62 59 62 59 62 59 62 59 62 59 62 59 62 59 62 59 62 59 62 59 62 59 62 59 62 59 62 59 62 59 62 59 62 59 62 59 62 59 62 59 62 15 15 15 15 15 15 15 15 59 62 59 62 59 62 59 62 59 62 59 62 59 62 59 62 59 62 59 62 59 62 59 62 59 62 59 62 59 62 59 
61 58 61 58 61 58 61 58 61 58 61 58 61 58 61 58 61 58 61 58 61 58 61 58 61 58 61 58 61 58 61 58 61 58 61 58 61 58 61 58 61 58 61 58 61 58 61 58 61 58 61 58 61 58 61 58 61 58 61 58 61 58 61 58 61 58 61 58 61 58 61 58 61 58 61 58 61 58 61 58 61 58 61 58 61 58 61 58 61 58 61 58 61 58 61 58 61 58 61 58 61 58 61 58 61 58 61 58 61 58 61 58 61 58 61 58 61 58 61 58 61 58 61 58 61 58 61 58 61 58 61 58 61 58 61 58 61 58 61 58 61 58 61 58 61 58 61 58 61 58 61 58 61 58 61 58 61 58 61 58 61 58 61 58 61 58 61 58 61 58 61 58 61 58 61 58 61 58 61 58 61 58 61 58 61 58 61 58 61 58 61 58 61 58 61 58 61 58 61 58 61 58 61 58 61 58 61 58 61 58 61 58 61 15 15 15 15 15 15 15 15 15 61 58 61 58 61 58 61 58 61 58 61 58 61 58 61 58 61 58 61 58 61 58 61 58 61 58 61 58 
60 57 60 57 60 57 60 57 60 57 60 57 60 57 60 57 60 57 60 57 60 57 60 57 60 57 60 57 60 57 60 57 60 57 60 57 60 57 60 57 60 57 60 57 60 57 60 57 60 57 60 57 60 57 60 57 60 57 60 57 60 57 60 57 60 57 60 57 60 57 60 57 60 57 60 57 60 57 60 57 60 57 60 57 60 57 60 57 60 57 60 57 60 57 60 57 60 57 60 57 60 57 60 57 60 57 60 57 60 57 60 57 60 57 60 57 60 57 60 57 60 57 60 57 60 57 60 57 60 57 60 57 60 57 60 57 60 57 60 57 60 57 60 57 60 57 60 57 60 57 60 57 60 57 60 57 60 57 60 57 60 57 60 57 60 57 60 57 60 57 60 57 60 57 60 57 60 57 60 57 60 57 60 57 60 57 60 57 60 57 60 57 60 57 60 57 60 57 60 57 60 57 60 57 60 57 60 57 60 57 60 57 60 15 15 15 15 15 15 15 15 15 15 15 60 57 60 57 60 57 60 57 60 57 60 57 60 57 60 57 60 57 60 57 60 57 60 57 60 57 
62 59 62 59 62 59 62 59 62 59 62 59 62 59 62 59 62 59 62 59 62 59 62 59 62 59 62 59 62 59 62 59 62 59 62 59 62 59 62 59 62 59 62 59 62 59 62 59 62 59 62 59 62 59 62 59 62 59 62 59 62 59 62 59 62 59 62 59 62 59 62 59 62 59 62 59 62 59 62 59 62 59 62 59 62 59 62 59 62 59 62 59 62 59 62 59 62 59 62 59 62 59 62 59 62 59 62 59 62 59 62 59 62 59 62 59 62 59 62 59 62 59 62 59 62 59 62 59 62 59 62 59 62 59 62 59 62 59 62 59 62 59 62 59 62 59 62 59 62 59 62 59 62 59 62 59 62 59 62 59 62 59 62 59 62 59 62 59 62 59 62 59 62 59 62 59 62 59 62 59 62 59 62 59 62 59 62 59 62 59 62 59 62 59 62 59 62 59 62 59 62 59 62 59 62 59 62 59 62 59 62 59 62 59 62 15 15 15 15 15 15 15 62 59 62 59 62 59 62 59 62 59 62 59 62 59 62 59 62 59 62 59 62 59 62 59 62 59 62 59 
61 58 61 58 61 58 61 58 61 58 61 58 61 58 61 58 61 58 61 58 61 58 61 58 61 58 61 58 61 58 61 58 61 58 61 58 61 58 61 58 61 58 61 58 61 58 61 58 61 58 61 58 61 58 61 58 61 58 61 58 61 58 61 58 61 58 61 58 61 58 61 58 61 58 61 58 61 58 61 58 61 58 61 58 61 58 61 58 61 58 61 58 61 58 61 58 61 58 61 58 61 58 61 58 61 58 61 58 61 58 61 58 61 58 61 58 61 58 61 58 61 58 61 58 61 58 61 58 61 58 61 58 61 58 61 58 61 58 61 58 61 58 61 58 61 58 61 58 61 58 61 58 61 58 61 58 61 58 61 58 61 58 61 58 61 58 61 58 61 58 61 58 61 58 61 58 61 58 61 58 61 58 61 58 61 58 61 58 61 58 61 58 61 58 61 58 61 58 61 58 61 58 61 58 61 58 61 58 61 58 61 58 61 58 61 58 15 15 15 15 15 15 15 15 15 58 61 58 61 58 61 58 61 58 61 58 61 58 61 58 61 58 61 58 61 58 61 58 61 58 
60 57 60 57 60 57 60 57 60 57 60 57 60 57 60 57 60 57 60 57 60 57 60 57 60 57 60 57 60 57 60 57 60 57 60 57 60 57 60 57 60 57 60 57 60 57 60 57 60 57 60 57 60 57 60 57 60 57 60 57 60 57 60 57 60 57 60 57 60 57 60 57 60 57 60 57 60 57 60 57 60 57 60 57 60 57 60 57 60 57 60 57 60 57 60 57 60 57 60 57 60 57 60 57 60 57 60 57 60 57 60 57 60 57 60 57 60 57 60 57 60 57 60 57 60 57 60 57 60 57 60 57 60 57 60 57 60 57 60 57 60 57 60 57 60 57 60 57 60 57 60 57 60 57 60 57 60 57 60 57 60 57 60 57 60 57 60 57 60 57 60 57 60 57 60 57 60 57 60 57 60 57 60 57 60 57 60 57 60 57 60 57 60 57 60 57 60 57 60 57 60 57 60 57 60 57 60 57 60 57 60 57 60 57 60 57 60 15 15 15 15 15 15 15 15 15 15 15 60 57 60 57 60 57 60 57 60 57 60 57 60 57 60 57 60 57 60 57 60 57 
62 59 62 59 62 59 62 59 62 59 62 59 62 59 62 59 62 59 62 59 62 59 62 59 62 59 62 59 62 59 62 59 62 59 62 59 62 59 62 59 62 59 62 59 62 59 62 59 62 59 62 59 62 59 62 59 62 59 62 59 62 59 62 59 62 59 62 59 62 59 62 59 62 59 62 59 62 59 62 59 62 59 62 59 62 59 62 59 62 59 62 59 62 59 62 59 62 59 62 59 62 59 62 59 62 59 62 59 62 59 62 59 62 59 62 59 62 59 62 59 62 59 62 59 62 59 62 59 62 59 62 59 62 59 62 59 62 59 62 59 62 59 62 59 62 59 62 59 62 59 62 59 62 59 62 59 62 59 62 59 62 59 62 59 62 59 62 59 62 59 62 59 62 59 62 59 62 59 62 59 62 59 62 59 62 59 62 59 62 59 62 59 62 59 62 59 62 59 62 59 62 59 62 59 62 59 62 59 62 59 62 59 62 59 62 59 62 59 62 15 15 15 15 15 15 15 15 15 15 59 62 59 62 59 62 59 62 59 62 59 62 59 62 59 62 59 62 59 62 59 
61 58 61 58 61 58 61 58 61 58 61 58 61 58 61 58 61 58 61 58 61 58 61 58 61 58 61 58 61 58 61 58 61 58 61 58 61 58 61 58 61 58 61 58 61 58 61 58 61 58 61 58 61 58 61 58 61 58 61 58 61 58 61 58 61 58 61 58 61 58 61 58 61 58 61 58 61 58 61 58 61 58 61 58 61 58 61 58 61 58 61 58 61 58 61 58 61 58 61 58 61 58 61 58 61 58 61 58 61 58 61 58 61 58 61 58 61 58 61 58 61 58 61 58 61 58 61 58 61 58 61 58 61 58 61 58 61 58 61 58 61 58 61 58 61 58 61 58 61 58 61 58 61 58 61 58 61 58 61 58 61 58 61 58 61 58 61 58 61 58 61 58 61 58 61 58 61 58 61 58 61 58 61 58 61 58 61 58 61 58 61 58 61 58 61 58 61 58 61 58 61 58 61 58 61 58 61 58 61 58 61 58 61 58 61 58 61 58 61 58 15 15 15 15 15 15 15 15 15 15 15 58 61 58 61 58 61 58 61 58 61 58 61 58 61 58 61 58 61 58 
60 57 60 57 60 57 60 57 60 57 60 57 60 57 60 57 60 57 60 57 60 57 60 57 60 57 60 57 60 57 60 57 60 57 60 57 60 57 60 57 60 57 60 57 60 57 60 57 60 57 60 57 60 57 60 57 60 57 60 57 60 57 60 57 60 57 60 57 60 57 60 57 60 57 60 57 60 57 60 57 60 57 60 57 60 57 60 57 60 57 60 57 60 57 60 57 60 57 60 57 60 57 60 57 60 57 60 57 60 57 60 57 60 57 60 57 60 57 60 57 60 57 60 57 60 57 60 57 60 57 60 57 60 57 60 57 60 57 60 57 60 57 60 57 60 57 60 57 60 57 60 57 60 57 60 57 60 57 60 57 60 57 60 57 60 57 60 57 60 57 60 57 60 57 60 57 60 57 60 57 60 57 60 57 60 57 60 57 60 57 60 57 60 57 60 57 60 57 60 57 60 57 60 57 60 57 60 57 60 57 60 57 60 57 60 57 60 57 60 57 60 15 15 15 15 15 15 15 15 15 15 15 60 57 60 57 60 57 60 57 60 57 60 57 60 57 60 57 60 57 
62 59 62 59 62 59 62 59 62 59 62 59 62 59 62 59 62 59 62 59 62 59 62 59 62 59 62 59 62 59 62 59 62 59 62 59 62 59 62 59 62 59 62 59 62 59 62 59 62 59 62 59 62 59 62 59 62 59 62 59 62 59 62 59 62 59 62 59 62 59 62 59 62 59 62 59 62 59 62 59 62 59 62 59 62 59 62 59 62 59 62 59 62 59 62 59 62 59 62 59 62 59 62 59 62 59 62 59 62 59 62 59 62 59 62 59 62 59 62 59 62 59 62 59 62 59 62 59 62 59 62 59 62 59 62 59 62 59 62 59 62 59 62 59 62 59 62 59 62 59 62 59 62 59 62 59 62 59 62 59 62 59 62 59 62 59 62 59 62 59 62 59 62 59 62 59 62 59 62 59 62 59 62 59 62 59 62 59 62 59 62 59 62 59 62 59 62 59 62 59 62 59 62 59 62 59 62 59 62 59 62 59 62 59 62 59 62 59 62 59 62 59 62 15 15 15 15 15 15 15 15 15 15 15 62 59 62 59 62 59 62 59 62 59 62 59 62 59 62 59 
61 58 61 58 61 58 61 58 61 58 61 58 61 58 61 58 61 58 61 58 61 58 61 58 61 58 61 58 61 58 61 58 61 58 61 58 61 58 61 58 61 58 61 58 61 58 61 58 61 58 61 58 61 58 61 58 61 58 61 58 61 58 61 58 61 58 61 58 61 58 61 58 61 58 61 58 61 58 61 58 61 58 61 58 61 58 61 58 61 58 61 58 61 58 61 58 61 58 61 58 61 58 61 58 61 58 61 58 61 58 61 58 61 58 61 58 61 58 61 58 61 58 61 58 61 58 61 58 61 58 61 58 61 58 61 58 61 58 61 58 61 58 61 58 61 58 61 58 61 58 61 58 61 58 61 58 61 58 61 58 61 58 61 58 61 58 61 58 61 58 61 58 61 58 61 58 61 58 61 58 61 58 61 58 61 58 61 58 61 58 61 58 61 58 61 58 61 58 61 58 61 58 61 58 61 58 61 58 61 58 61 58 61 58 61 58 61 58 61 58 61 58 61 15 15 15 15 15 15 15 15 15 15 58 15 58 61 58 61 58 61 58 61 58 61 58 61 58 61 58 
60 57 60 57 60 57 60 57 60 57 60 57 60 57 60 57 60 57 60 57 60 57 60 57 60 57 60 57 60 57 60 57 60 57 60 57 60 57 60 57 60 57 60 57 60 57 60 57 60 57 60 57 60 57 60 57 60 57 60 57 60 57 60 57 60 57 60 57 60 57 60 57 60 57 60 57 60 57 60 57 60 57 60 57 60 57 60 57 60 57 60 57 60 57 60 57 60 57 60 57 60 57 60 57 60 57 60 57 60 57 60 57 60 57 60 57 60 57 60 57 60 57 60 57 60 57 60 57 60 57 60 57 60 57 60 57 60 57 60 57 60 57 60 57 60 57 60 57 60 57 60 57 60 57 60 57 60 57 60 57 60 57 60 57 60 57 60 57 60 57 60 57 60 57 60 57 60 57 60 57 60 57 60 57 60 57 60 57 60 57 60 57 60 57 60 57 60 57 60 57 60 57 60 57 60 57 60 57 60 57 60 57 60 57 60 57 60 57 60 57 60 57 60 57 60 15 15 15 15 15 15 15 15 15 60 15 60 57 60 57 60 57 60 57 60 57 60 57 60 57 
62 59 62 59 62 59 62 59 62 59 62 59 62 59 62 59 62 59 62 59 62 59 62 59 62 59 62 59 62 59 62 59 62 59 62 59 62 59 62 59 62 59 62 59 62 59 62 59 62 59 62 59 62 59 62 59 62 59 62 59 62 59 62 59 62 59 62 59 62 59 62 59 62 59 62 59 62 59 62 59 62 59 62 59 62 59 62 59 62 59 62 59 62 59 62 59 62 59 62 59 62 59 62 59 62 59 62 59 62 59 62 59 62 59 62 59 62 59 62 59 62 59 62 59 62 59 62 59 62 59 62 59 62 59 62 59 62 59 62 59 62 59 62 59 62 59 62 59 62 59 62 59 62 59 62 59 62 59 62 59 62 59 62 59 62 59 62 59 62 59 62 59 62 59 62 59 62 59 62 59 62 59 62 59 62 59 62 59 62 59 62 59 62 59 62 59 62 59 62 59 62 59 62 59 62 59 62 59 62 59 62 59 62 59 62 59 62 59 62 59 62 59 62 59 62 15 15 15 15 15 15 15 15 15 15 59 15 59 62 59 62 59 62 59 62 59 62 59 62 59 
61 58 61 58 61 58 61 58 61 58 61 58 61 58 61 58 61 58 61 58 61 58 61 58 61 58 61 58 61 58 61 58 61 58 61 58 61 58 61 58 61 58 61 58 61 58 61 58 61 58 61 58 61 58 61 58 61 58 61 58 61 58 61 58 61 58 61 58 61 58 61 58 61 58 61 58 61 58 61 58 61 58 61 58 61 58 61 58 61 58 61 58 61 58 61 58 61 58 61 58 61 58 61 58 61 58 61 58 61 58 61 58 61 58 61 58 61 58 61 58 61 58 61 58 61 58 61 58 61 58 61 58 61 58 61 58 61 58 61 58 61 58 61 58 61 58 61 58 61 58 61 58 61 58 61 58 61 58 61 58 61 58 61 58 61 58 61 58 61 58 61 58 61 58 61 58 61 58 61 58 61 58 61 58 61 58 61 58 61 58 61 58 61 58 61 58 61 58 61 58 61 58 61 58 61 58 61 58 61 58 61 58 61 58 61 58 61 58 61 58 61 58 61 58 61 58 61 58 15 15 15 15 15 15 15 15 15 15 61 58 61 58 61 58 61 58 61 58 61 58 
60 57 60 57 60 57 60 57 60 57 60 57 60 57 60 57 60 57 60 57 60 57 60 57 60 57 60 57 60 57 60 57 60 57 60 57 60 57 60 57 60 57 60 57 60 57 60 57 60 57 60 57 60 57 60 57 60 57 60 57 60 57 60 57 60 57 60 57 60 57 60 57 60 57 60 57 60 57 60 57 60 57 60 57 60 57 60 57 60 57 60 57 60 57 60 57 60 57 60 57 60 57 60 57 60 57 60 57 60 57 60 57 60 57 60 57 60 57 60 57 60 57 60 57 60 57 60 57 60 57 60 57 60 57 60 57 60 57 60 57 60 57 60 57 60 57 60 57 60 57 60 57 60 57 60 57 60 57 60 57 60 57 60 57 60 57 60 57 60 57 60 57 60 57 60 57 60 57 60 57 60 57 60 57 60 57 60 57 60 57 60 57 60 57 60 57 60 57 60 57 60 57 60 57 60 57 60 57 60 57 60 57 60 57 60 57 60 57 60 57 60 57 60 57 60 57 60 57 60 57 15 15 15 15 15 15 15 57 15 57 60 57 60 57 60 57 60 57 60 57 
62 59 62 59 62 59 62 59 62 59 62 59 62 59 62 59 62 59 62 59 62 59 62 59 62 59 62 59 62 59 62 59 62 59 62 59 62 59 62 59 62 59 62 59 62 59 62 59 62 59 62 59 62 59 62 59 62 59 62 59 62 59 62 59 62 59 62 59 62 59 62 59 62 59 62 59 62 59 62 59 62 59 62 59 62 59 62 59 62 59 62 59 62 59 62 59 62 59 62 59 62 59 62 59 62 59 62 59 62 59 62 59 62 59 62 59 62 59 62 59 62 59 62 59 62 59 62 59 62 59 62 59 62 59 62 59 62 59 62 59 62 59 62 59 62 59 62 59 62 59 62 59 62 59 62 59 62 59 62 59 62 59 62 59 62 59 62 59 62 59 62 59 62 59 62 59 62 59 62 59 62 59 62 59 62 59 62 59 62 59 62 59 62 59 62 59 62 59 62 59 62 59 62 59 62 59 62 59 62 59 62 59 62 59 62 59 62 59 62 59 62 59 62 59 62 59 62 59 62 59 62 15 15 15 15 15 15 15 15 15 62 59 62 59 62 59 62 59 62 59 
61 58 61 58 61 58 61 58 61 58 61 58 61 58 61 58 61 58 61 58 61 58 61 58 61 58 61 58 61 58 61 58 61 58 61 58 61 58 61 58 61 58 61 58 61 58 61 58 61 58 61 58 61 58 61 58 61 58 61 58 61 58 61 58 61 58 61 58 61 58 61 58 61 58 61 58 61 58 61 58 61 58 61 58 61 58 61 58 61 58 61 58 61 58 61 58 61 58 61 58 61 58 61 58 61 58 61 58 61 58 61 58 61 58 61 58 61 58 61 58 61 58 61 58 61 58 61 58 61 58 61 58 61 58 61 58 61 58 61 58 61 58 61 58 61 58 61 58 61 58 61 58 61 58 61 58 61 58 61 58 61 58 61 58 61 58 61 58 61 58 61 58 61 58 61 58 61 58 61 58 61 58 61 58 61 58 61 58 61 58 61 58 61 58 61 58 61 58 61 58 61 58 61 58 61 58 61 58 61 58 61 58 61 58 61 58 61 58 61 58 61 58 61 58 61 58 61 58 61 58 61 58 15 15 15 15 15 15 15 15 15 58 61 58 61 58 61 58 61 58 
60 57 60 57 60 57 60 57 60 57 60 57 60 57 60 57 60 57 60 57 60 57 60 57 60 57 60 57 60 57 60 57 60 57 60 57 60 57 60 57 60 57 60 57 60 57 60 57 60 57 60 57 60 57 60 57 60 57 60 57 60 57 60 57 60 57 60 57 60 57 60 57 60 57 60 57 60 57 60 57 60 57 60 57 60 57 60 57 60 57 60 57 60 57 60 57 60 57 60 57 60 57 60 57 60 57 60 57 60 57 60 57 60 57 60 57 60 57 60 57 60 57 60 57 60 57 60 57 60 57 60 57 60 57 60 57 60 57 60 57 60 57 60 57 60 57 60 57 60 57 60 57 60 57 60 57 60 57 60 57 60 57 60 57 60 57 60 57 60 57 60 57 60 57 60 57 60 57 60 57 60 57 60 57 60 57 60 57 60 57 60 57 60 57 60 57 60 57 60 57 60 57 60 57 60 57 60 57 60 57 60 57 60 57 60 57 60 57 60 57 60 57 60 57 60 57 60 57 60 57 60 57 60 15 15 15 15 15 15 15 15 15 60 57 60 57 60 57 60 57 
62 59 62 59 62 59 62 59 62 59 62 59 62 59 62 59 62 59 62 59 62 59 62 59 62 59 62 59 62 59 62 59 62 59 62 59 62 59 62 59 62 59 62 59 62 59 62 59 62 59 62 59 62 59 62 59 62 59 62 59 62 59 62 59 62 59 62 59 62 59 62 59 62 59 62 59 62 59 62 59 62 59 62 59 62 59 62 59 62 59 62 59 62 59 62 59 62 59 62 59 62 59 62 59 62 59 62 59 62 59 62 59 62 59 62 59 62 59 62 59 62 59 62 59 62 59 62 59 62 59 62 59 62 59 62 59 62 59 62 59 62 59 62 59 62 59 62 59 62 59 62 59 62 59 62 59 62 59 62 59 62 59 62 59 62 59 62 59 62 59 62 59 62 59 62 59 62 59 62 59 62 59 62 59 62 59 62 59 62 59 62 59 62 59 62 59 62 59 62 59 62 59 62 59 62 59 62 59 62 59 62 59 62 59 62 59 62 59 62 59 62 59 62 59 62 59 62 59 62 59 62 59 62 59 62 15 15 15 15 15 15 15 15 15 15 59 62 59 62 59 
61 58 61 58 61 58 61 58 61 58 61 58 61 58 61 58 61 58 61 58 61 58 61 58 61 58 61 58 61 58 61 58 61 58 61 58 61 58 61 58 61 58 61 58 61 58 61 58 61 58 61 58 61 58 61 58 61 58 61 58 61 58 61 58 61 58 61 58 61 58 61 58 61 58 61 58 61 58 61 58 61 58 61 58 61 58 61 58 61 58 61 58 61 58 61 58 61 58 61 58 61 58 61 58 61 58 61 58 61 58 61 58 61 58 61 58 61 58 61 58 61 58 61 58 61 58 61 58 61 58 61 58 61 58 61 58 61 58 61 58 61 58 61 58 61 58 61 58 61 58 61 58 61 58 61 58 61 58 61 58 61 58 61 58 61 58 61 58 61 58 61 58 61 58 61 58 61 58 61 58 61 58 61 58 61 58 61 58 61 58 61 58 61 58 61 58 61 58 61 58 61 58 61 58 61 58 61 58 61 58 61 58 61 58 61 58 61 58 61 58 61 58 61 58 61 58 61 58 61 58 61 58 61 58 15 15 15 15 15 15 15 15 15 15 15 58 61 58 61 58 
60 57 60 57 60 57 60 57 60 57 60 57 60 57 60 57 60 57 60 57 60 57 60 57 60 57 60 57 60 57 60 57 60 57 60 57 60 57 60 57 60 57 60 57 60 57 60 57 60 57 60 57 60 57 60 57 60 57 60 57 60 57 60 57 60 57 60 57 60 57 60 57 60 57 60 57 60 57 60 57 60 57 60 57 60 57 60 57 60 57 60 57 60 57 60 57 60 57 60 57 60 57 60 57 60 57 60 57 60 57 60 57 60 57 60 57 60 57 60 57 60 57 60 57 60 57 60 57 60 57 60 57 60 57 60 57 60 57 60 57 60 57 60 57 60 57 60 57 60 57 60 57 60 57 60 57 60 57 60 57 60 57 60 57 60 57 60 57 60 57 60 57 60 57 60 57 60 57 60 57 60 57 60 57 60 57 60 57 60 57 60 57 60 57 60 57 60 57 60 57 60 57 60 57 60 57 60 57 60 57 60 57 60 57 60 57 60 57 60 57 60 57 60 57 60 57 60 57 60 57 60 57 60 57 60 57 60 15 15 15 15 15 15 15 15 57 60 57 60 57 
62 59 62 59 62 59 62 59 62 59 62 59 62 59 62 59 62 59 62 59 62 59 62 59 62 59 62 59 62 59 62 59 62 59 62 59 62 59 62 59 62 59 62 59 62 59 62 59 62 59 62 59 62 59 62 59 62 59 62 59 62 59 62 59 62 59 62 59 62 59 62 59 62 59 62 59 62 59 62 59 62 59 62 59 62 59 62 59 62 59 62 59 62 59 62 59 62 59 62 59 62 59 62 59 62 59 62 59 62 59 62 59 62 59 62 59 62 59 62 59 62 59 62 59 62 59 62 59 62 59 62 59 62 59 62 59 62 59 62 59 62 59 62 59 62 59 62 59 62 59 62 59 62 59 62 59 62 59 62 59 62 59 62 59 62 59 62 59 62 59 62 59 62 59 62 59 62 59 62 59 62 59 62 59 62 59 62 59 62 59 62 59 62 59 62 59 62 59 62 59 62 59 62 59 62 59 62 59 62 59 62 59 62 59 62 59 62 59 62 59 62 59 62 59 62 59 62 59 62 59 62 59 62 59 62 59 62 59 15 15 15 15 15 15 15 15 62 59 62 59 
61 58 61 58 61 58 61 58 61 58 61 58 61 58 61 58 61 58 61 58 61 58 61 58 61 58 61 58 61 58 61 58 61 58 61 58 61 58 61 58 61 58 61 58 61 58 61 58 61 58 61 58 61 58 61 58 61 58 61 58 61 58 61 58 61 58 61 58 61 58 61 58 61 58 61 58 61 58 61 58 61 58 61 58 61 58 61 58 61 58 61 58 61 58 61 58 61 58 61 58 61 58 61 58 61 58 61 58 61 58 61 58 61 58 61 58 61 58 61 58 61 58 61 58 61 58 61 58 61 58 61 58 61 58 61 58 61 58 61 58 61 58 61 58 61 58 61 58 61 58 61 58 61 58 61 58 61 58 61 58 61 58 61 58 61 58 61 58 61 58 61 58 61 58 61 58 61 58 61 58 61 58 61 58 61 58 61 58 61 58 61 58 61 58 61 58 61 58 61 58 61 58 61 58 61 58 61 58 61 58 61 58 61 58 61 58 61 58 61 58 61 58 61 58 61 58 61 58 61 58 61 58 61 58 61 58 61 58 15 15 15 15 15 15 15 15 61 58 61 58 
60 57 60 57 60 57 60 57 60 57 60 57 60 57 60 57 60 57 60 57 60 57 60 57 60 57 60 57 60 57 60 57 60 57 60 57 60 57 60 57 60 57 60 57 60 57 60 57 60 57 60 57 60 57 60 57 60 57 60 57 60 57 60 57 60 57 60 57 60 57 60 57 60 57 60 57 60 57 60 57 60 57 60 57 60 57 60 57 60 57 60 57 60 57 60 57 60 57 60 57 60 57 60 57 60 57 60 57 60 57 60 57 60 57 60 57 60 57 60 57 60 57 60 57 60 57 60 57 60 57 60 57 60 57 60 57 60 57 60 57 60 57 60 57 60 57 60 57 60 57 60 57 60 57 60 57 60 57 60 57 60 57 60 57 60 57 60 57 60 57 60 57 60 57 60 57 60 57 60 57 60 57 60 57 60 57 60 57 60 57 60 57 60 57 60 57 60 57 60 57 60 57 60 57 60 57 60 57 60 57 60 57 60 57 60 57 60 57 60 57 60 57 60 57 60 57 60 57 60 57 60 57 60 57 60 57 60 57 60 15 15 15 15 15 15 15 60 57 60 57 
62 59 62 59 62 59 62 59 62 59 62 59 62 59 62 59 62 59 62 59 62 59 62 59 62 59 62 59 62 59 62 59 62 59 62 59 62 59 62 59 62 59 62 59 62 59 62 59 62 59 62 59 62 59 62 59 62 59 62 59 62 59 62 59 62 59 62 59 62 59 62 59 62 59 62 59 62 59 62 59 62 59 62 59 62 59 62 59 62 59 62 59 62 59 62 59 62 59 62 59 62 59 62 59 62 59 62 59 62 59 62 59 62 59 62 59 62 59 62 59 62 59 62 59 62 59 62 59 62 59 62 59 62 59 62 59 62 59 62 59 62 59 62 59 62 59 62 59 62 59 62 59 62 59 62 59 62 59 62 59 62 59 62 59 62 59 62 59 62 59 62 59 62 59 62 59 62 59 62 59 62 59 62 59 62 59 62 59 62 59 62 59 62 59 62 59 62 59 62 59 62 59 62 59 62 59 62 59 62 59 62 59 62 59 62 59 62 59 62 59 62 59 62 59 62 59 62 59 62 59 62 59 62 59 62 59 62 59 62 59 15 15 15 15 15 15 15 59 62 59 
61 58 61 58 61 58 61 58 61 58 61 58 61 58 61 58 61 58 61 58 61 58 61 58 61 58 61 58 61 58 61 58 61 58 61 58 61 58 61 58 61 58 61 58 61 58 61 58 61 58 61 58 61 58 61 58 61 58 61 58 61 58 61 58 61 58 61 58 61 58 61 58 61 58 61 58 61 58 61 58 61 58 61 58 61 58 61 58 61 58 61 58 61 58 61 58 61 58 61 58 61 58 61 58 61 58 61 58 61 58 61 58 61 58 61 58 61 58 61 58 61 58 61 58 61 58 61 58 61 58 61 58 61 58 61 58 61 58 61 58 61 58 61 58 61 58 61 58 61 58 61 58 61 58 61 58 61 58 61 58 61 58 61 58 61 58 61 58 61 58 61 58 61 58 61 58 61 58 61 58 61 58 61 58 61 58 61 58 61 58 61 58 61 58 61 58 61 58 61 58 61 58 61 58 61 58 61 58 61 58 61 58 61 58 61 58 61 58 61 58 61 58 61 58 61 58 61 58 61 58 61 58 61 58 61 58 61 58 61 58 61 58 15 15 15 15 15 15 61 58 
60 57 60 57 60 57 60 57 60 57 60 57 60 57 60 57 60 57 60 57 60 57 60 57 60 57 60 57 60 57 60 57 60 57 60 57 60 57 60 57 60 57 60 57 60 57 60 57 60 57 60 57 60 57 60 57 60 57 60 57 60 57 60 57 60 57 60 57 60 57 60 57 60 57 60 57 60 57 60 57 60 57 60 57 60 57 60 57 60 57 60 57 60 57 60 57 60 57 60 57 60 57 60 57 60 57 60 57 60 57 60 57 60 57 60 57 60 57 60 57 60 57 60 57 60 57 60 57 60 57 60 57 60 57 60 57 60 57 60 57 60 57 60 57 60 57 60 57 60 57 60 57 60 57 60 57 60 57 60 57 60 57 60 57 60 57 60 57 60 57 60 57 60 57 60 57 60 57 60 57 60 57 60 57 60 57 60 57 60 57 60 57 60 57 60 57 60 57 60 57 60 57 60 57 60 57 60 57 60 57 60 57 60 57 60 57 60 57 60 57 60 57 60 57 60 57 60 57 60 57 60 57 60 57 60 57 60 57 60 57 60 15 15 15 15 15 15 15 15 57 
62 59 62 59 62 59 62 59 62 59 62 59 62 59 62 59 62 59 62 59 62 59 62 59 62 59 62 59 62 59 62 59 62 59 62 59 62 59 62 59 62 59 62 59 62 59 62 59 62 59 62 59 62 59 62 59 62 59 62 59 62 59 62 59 62 59 62 59 62 59 62 59 62 59 62 59 62 59 62 59 62 59 62 59 62 59 62 59 62 59 62 59 62 59 62 59 62 59 62 59 62 59 62 59 62 59 62 59 62 59 62 59 62 59 62 59 62 59 62 59 62 59 62 59 62 59 62 59 62 59 62 59 62 59 62 59 62 59 62 59 62 59 62 59 62 59 62 59 62 59 62 59 62 59 62 59 62 59 62 59 62 59 62 59 62 59 62 59 62 59 62 59 62 59 62 59 62 59 62 59 62 59 62 59 62 59 62 59 62 59 62 59 62 59 62 59 62 59 62 59 62 59 62 59 62 59 62 59 62 59 62 59 62 59 62 59 62 59 62 59 62 59 62 59 62 59 62 59 62 59 62 59 62 59 62 59 62 59 62 59 62 15 15 15 15 15 15 15 15 59 
61 58 61 58 61 58 61 58 61 58 61 58 61 58 61 58 61 58 61 58 61 58 61 58 61 58 61 58 61 58 61 58 61 58 61 58 61 58 61 58 61 58 61 58 61 58 61 58 61 58 61 58 61 58 61 58 61 58 61 58 61 58 61 58 61 58 61 58 61 58 61 58 61 58 61 58 61 58 61 58 61 58 61 58 61 58 61 58 61 58 61 58 61 58 61 58 61 58 61 58 61 58 61 58 61 58 61 58 61 58 61 58 61 58 61 58 61 58 61 58 61 58 61 58 61 58 61 58 61 58 61 58 61 58 61 58 61 58 61 58 61 58 61 58 61 58 61 58 61 58 61 58 61 58 61 58 61 58 61 58 61 58 61 58 61 58 61 58 61 58 61 58 61 58 61 58 61 58 61 58 61 58 61 58 61 58 61 58 61 58 61 58 61 58 61 58 61 58 61 58 61 58 61 58 61 58 61 58 61 58 61 58 61 58 61 58 61 58 61 58 61 58 61 58 61 58 61 58 61 58 61 58 61 58 61 58 61 58 61 58 61 58 15 58 15 15 15 15 15 15 
60 57 60 57 60 57 60 57 60 57 60 57 60 57 60 57 60 57 60 57 60 57 60 57 60 57 60 57 60 57 60 57 60 57 60 57 60 57 60 57 60 57 60 57 60 57 60 57 60 57 60 57 60 57 60 57 60 57 60 57 60 57 60 57 60 57 60 57 60 57 60 57 60 57 60 57 60 57 60 57 60 57 60 57 60 57 60 57 60 57 60 57 60 57 60 57 60 57 60 57 60 57 60 57 60 57 60 57 60 57 60 57 60 57 60 57 60 57 60 57 60 57 60 57 60 57 60 57 60 57 60 57 60 57 60 57 60 57 60 57 60 57 60 57 60 57 60 57 60 57 60 57 60 57 60 57 60 57 60 57 60 57 60 57 60 57 60 57 60 57 60 57 60 57 60 57 60 57 60 57 60 57 60 57 60 57 60 57 60 57 60 57 60 57 60 57 60 57 60 57 60 57 60 57 60 57 60 57 60 57 60 57 60 57 60 57 60 57 60 57 60 57 60 57 60 57 60 57 60 57 60 57 60 57 60 57 60 57 60 57 60 57 60 57 15 15 15 15 15 15 
0 0 0 0 0 0 0 0 0 0 0 0 0 0 0 0 0 0 0 0 0 0 0 0 0 0 0 0 0 0 0 0 0 0 0 0 0 0 0 0 0 0 0 0 0 0 0 0 0 0 0 0 0 0 0 0 0 0 0 0 0 0 0 0 0 0 0 0 0 0 0 0 0 0 0 0 0 0 0 0 0 0 0 0 0 0 0 0 0 0 0 0 0 0 0 0 0 0 0 0 0 0 0 0 0 0 0 0 0 0 0 0 0 0 0 0 0 0 0 0 0 0 0 0 0 0 0 0 0 0 0 0 0 0 0 0 0 0 0 0 0 0 0 0 0 0 0 0 0 0 0 0 0 0 0 0 0 0 0 0 0 0 0 0 0 0 0 0 0 0 0 0 0 0 0 0 0 0 0 0 0 0 0 0 0 0 0 0 0 0 0 0 0 0 0 0 0 0 0 0 0 0 0 0 0 0 0 0 0 0 0 0 0 0 0 0 0 0 0 0 0 0 0 0 0 0 0 0 0 0 0 0 0 0 0 0 0 0 0 0 0 0 0 0 0 0 0 0 0 0 
